Workbook

Sheet DATASHEET
A1: Browse Study Data | C1: = Changed in office. | E1: = question
A2: Site Info | F2: Initial Measurements | I2: 1-Week Measurments | M2: 2-Month Measurements | R2: 4-Month Measurements | X2: 6-Month Measurements | AB2: 12-Month Measurements
A3: REP | B3: ROW | C3: TREAT_NAME | D3: TREE_NMBR | E3: SPECIES | F3: DATE | G3: HT | H3: DIAM | I3: DATE | J3: BROWSE Y/N | K3: MORT Y/N | L3: HT | M3: DATE | N3: BROWSE Y/N | O3: MORT Y/N | P3: VEXAR DAMAGE/FAILURE | Q3: HT | R3: DATE | S3: BROWSE Y/N | T3: MORT Y/N | U3: VEXAR DAMAGE/FAILURE | V3: HT | W3: DIAM | X3: DATE | Y3: BROWSE Y/N | Z3: MORT Y/N | AA3: HT | AB3: DATE | AC3: BROWSE Y/N | AD3: MORT Y/N | AE3: HT
A4: HUMANN RESOURCES 2010 | B4: A | C4: SS CTRL | D4: 1 | E4: SS | F4: 42101 | G4: 45.72 | H4: 5.08 | I4: 42117 | M4: 42157 | Q4: 54.864 | R4: 42233 | V4: 66 | W4: 5.16
A5: HUMANN RESOURCES 2010 | B5: A | C5: SS CTRL | D5: 2 | E5: SS | F5: 42101 | G5: 44.196 | H5: 3.048 | I5: 42117 | M5: 42157 | Q5: 53.086 | R5: 42233 | T5: Y | V5: 62 | W5: 4.91
A6: HUMANN RESOURCES 2010 | B6: A | C6: SS CTRL | D6: 3 | E6: SS | F6: 42101 | G6: 38.608 | H6: 4.064 | I6: 42117 | M6: 42157 | Q6: 46.736 | R6: 42233 | T6: Y | V6: 51 | W6: 5.48
A7: HUMANN RESOURCES 2010 | B7: A | C7: SS CTRL | D7: 4 | E7: SS | F7: 42101 | G7: 46.736 | H7: 4.826 | I7: 42117 | M7: 42157 | Q7: 55.88 | R7: 42233 | V7: 66.8 | W7: 6.95
A8: HUMANN RESOURCES 2010 | B8: A | C8: SS CTRL | D8: 5 | E8: SS | F8: 42101 | G8: 49.022 | H8: 4.826 | I8: 42117 | M8: 42157 | Q8: 49.784 | R8: 42233 | T8: Y | V8: 53 | W8: 5.87
A9: HUMANN RESOURCES 2010 | B9: A | C9: SS CTRL | D9: 6 | E9: SS | F9: 42101 | G9: 33.02 | H9: 4.572 | I9: 42117 | M9: 42157 | Q9: 38.354 | R9: 42233 | T9: Y | V9: 43 | W9: 6.22
A10: HUMANN RESOURCES 2010 | B10: A | C10: SS CTRL | D10: 7 | E10: SS | F10: 42101 | G10: 45.72 | H10: 3.81 | I10: 42117 | M10: 42157 | Q10: 54.61 | R10: 42233 | T10: Y | V10: 60.5 | W10: 6.12
A11: HUMANN RESOURCES 2010 | B11: A | C11: SS CTRL | D11: 8 | E11: SS | F11: 42101 | G11: 39.878 | H11: 3.81 | I11: 42117 | M11: 42157 | Q11: 43.18 | R11: 42233 | T11: Y | V11: 48 | W11: 5.63
A12: HUMANN RESOURCES 2010 | B12: A | C12: SS CTRL | D12: 9 | E12: SS | F12: 42101 | G12: 40.894 | H12: 4.318 | I12: 42117 | M12: 42157 | Q12: 51.308 | R12: 42233 | T12: Y | V12: 58 | W12: 5.03
A13: HUMANN RESOURCES 2010 | B13: A | C13: SS CTRL | D13: 10 | E13: SS | F13: 42101 | G13: 40.894 | H13: 4.572 | I13: 42117 | M13: 42157 | Q13: 48.006 | R13: 42233 | T13: Y | V13: 54 | W13: 4.26
A14: HUMANN RESOURCES 2010 | B14: A | C14: SS CTRL | D14: 11 | E14: SS | F14: 42101 | G14: 38.608 | H14: 4.064 | I14: 42117 | M14: 42157 | Q14: 52.832 | R14: 42233 | V14: 63 | W14: 5.34
A15: HUMANN RESOURCES 2010 | B15: A | C15: SS CTRL | D15: 12 | E15: SS | F15: 42101 | G15: 38.862 | H15: 4.826 | I15: 42117 | M15: 42157 | Q15: 46.228 | R15: 42233 | T15: Y | V15: 55 | W15: 5.26
A16: HUMANN RESOURCES 2010 | B16: A | C16: SS CTRL | D16: 13 | E16: SS | F16: 42101 | G16: 36.576 | H16: 3.302 | I16: 42117 | M16: 42157 | Q16: 46.736 | R16: 42233 | T16: Y | V16: 56 | W16: 4.38
A17: HUMANN RESOURCES 2010 | B17: A | C17: SS CTRL | D17: 14 | E17: SS | F17: 42101 | G17: 39.116 | H17: 4.826 | I17: 42117 | M17: 42157 | Q17: 52.07 | R17: 42233 | T17: Y | V17: 59 | W17: 5.31
A18: HUMANN RESOURCES 2010 | B18: A | C18: SS CTRL | D18: 15 | E18: SS | F18: 42101 | G18: 39.878 | H18: 4.318 | I18: 42117 | M18: 42157 | Q18: 49.276 | R18: 42233 | T18: Y | V18: 54 | W18: 5.1
A19: HUMANN RESOURCES 2010 | B19: A | C19: SS CTRL | D19: 16 | E19: SS | F19: 42101 | G19: 38.608 | H19: 4.318 | I19: 42117 | M19: 42157 | Q19: 39.37 | R19: 42233 | V19: 44 | W19: 5.37
A20: HUMANN RESOURCES 2010 | B20: A | C20: SS CTRL | D20: 17 | E20: SS | F20: 42101 | G20: 38.862 | H20: 4.572 | I20: 42117 | M20: 42157 | Q20: 48.061118 | R20: 42233 | T20: Y | V20: 56 | W20: 5.35
A21: HUMANN RESOURCES 2010 | B21: A | C21: SS CTRL | D21: 18 | E21: SS | F21: 42101 | G21: 38.354 | H21: 4.572 | I21: 42117 | M21: 42157 | Q21: 54.61 | R21: 42233 | T21: Y | V21: 64 | W21: 5.59
A22: HUMANN RESOURCES 2010 | B22: A | C22: SS CTRL | D22: 19 | E22: SS | F22: 42101 | G22: 45.72 | H22: 4.826 | I22: 42117 | M22: 42157 | Q22: 56.134 | R22: 42233 | T22: Y | V22: 63 | W22: 5.12
A23: HUMANN RESOURCES 2010 | B23: A | C23: SS CTRL | D23: 20 | E23: SS | F23: 42101 | G23: 43.18 | H23: 4.318 | I23: 42117 | M23: 42157 | Q23: 55.88 | R23: 42233 | T23: Y | V23: 59 | W23: 4.63
A24: HUMANN RESOURCES 2010 | B24: B | C24: PLANTSKYDD | D24: 1 | E24: WRC | F24: 42101 | G24: 40.64 | H24: 5.08 | I24: 42117 | M24: 42157 | Q24: 45.466 | R24: 42233 | S24: Y | T24: Y | V24: 52 | W24: 5.8
A25: HUMANN RESOURCES 2010 | B25: B | C25: PLANTSKYDD | D25: 2 | E25: WRC | F25: 42101 | G25: 25.4 | H25: 2.794 | I25: 42117 | M25: 42157 | O25: Y | Q25: 20.574 | R25: 42233 | S25: Y | T25: Y | V25: 23 | W25: 1.89
A26: HUMANN RESOURCES 2010 | B26: B | C26: PLANTSKYDD | D26: 3 | E26: WRC | F26: 42101 | G26: 20.32 | H26: 2.286 | I26: 42117 | M26: 42157 | Q26: 20.828 | R26: 42233 | T26: Y | V26: 20.5 | W26: 2.66
A27: HUMANN RESOURCES 2010 | B27: B | C27: PLANTSKYDD | D27: 4 | E27: WRC | F27: 42101 | G27: 27.94 | H27: 3.302 | I27: 42117 | M27: 42157 | Q27: 33.274 | R27: 42233 | S27: Y | T27: Y | V27: 23 | W27: 2.06
A28: HUMANN RESOURCES 2010 | B28: B | C28: PLANTSKYDD | D28: 5 | E28: WRC | F28: 42101 | G28: 33.02 | H28: 3.302 | I28: 42117 | M28: 42157 | Q28: 44.45 | R28: 42233 | T28: Y | V28: 47 | W28: 4.88
A29: HUMANN RESOURCES 2010 | B29: B | C29: PLANTSKYDD | D29: 6 | E29: WRC | F29: 42101 | G29: 26.416 | H29: 4.064 | I29: 42117 | M29: 42157 | Q29: 38.354 | R29: 42233 | T29: Y | V29: 42.5 | W29: 5.33
A30: HUMANN RESOURCES 2010 | B30: B | C30: PLANTSKYDD | D30: 7 | E30: WRC | F30: 42101 | G30: 35.56 | H30: 5.08 | I30: 42117 | M30: 42157 | Q30: 45.974 | R30: 42233 | T30: Y | V30: 53 | W30: 5.29
A31: HUMANN RESOURCES 2010 | B31: B | C31: PLANTSKYDD | D31: 8 | E31: WRC | F31: 42101 | G31: 34.798 | H31: 5.08 | I31: 42117 | M31: 42157 | Q31: 48.006 | R31: 42233 | T31: Y | V31: 51 | W31: 5.77
A32: HUMANN RESOURCES 2010 | B32: B | C32: PLANTSKYDD | D32: 9 | E32: WRC | F32: 42101 | G32: 48.26 | H32: 4.318 | I32: 42117 | M32: 42157 | Q32: 51.054 | R32: 42233 | T32: Y | V32: 54 | W32: 6.81
A33: HUMANN RESOURCES 2010 | B33: B | C33: PLANTSKYDD | D33: 10 | E33: WRC | F33: 42101 | G33: 27.94 | H33: 2.032 | I33: 42117 | M33: 42157 | Q33: 33.02 | R33: 42233 | T33: Y
A34: HUMANN RESOURCES 2010 | B34: B | C34: PLANTSKYDD | D34: 11 | E34: WRC | F34: 42101 | G34: 27.94 | H34: 4.572 | I34: 42117 | M34: 42157 | Q34: 38.608 | R34: 42233 | T34: Y | V34: 42 | W34: 3.79
A35: HUMANN RESOURCES 2010 | B35: B | C35: PLANTSKYDD | D35: 12 | E35: WRC | F35: 42101 | G35: 27.94 | H35: 3.302 | I35: 42117 | M35: 42157 | Q35: 40.386 | R35: 42233 | T35: Y | V35: 44 | W35: 4.76
A36: HUMANN RESOURCES 2010 | B36: B | C36: PLANTSKYDD | D36: 13 | E36: WRC | F36: 42101 | G36: 28.956 | H36: 3.302 | I36: 42117 | M36: 42157 | Q36: 40.894 | R36: 42233 | T36: Y | V36: 45 | W36: 4.97
A37: HUMANN RESOURCES 2010 | B37: B | C37: PLANTSKYDD | D37: 14 | E37: WRC | F37: 42101 | G37: 24.638 | H37: 2.286 | I37: 42117 | M37: 42157 | Q37: 23.368 | R37: 42233 | T37: Y | V37: 46 | W37: 3.89
A38: HUMANN RESOURCES 2010 | B38: B | C38: PLANTSKYDD | D38: 15 | E38: WRC | F38: 42101 | G38: 25.4 | H38: 2.286 | I38: 42117 | M38: 42157 | Q38: 27.686 | R38: 42233 | T38: Y | V38: 30.5 | W38: 3.29
A39: HUMANN RESOURCES 2010 | B39: B | C39: PLANTSKYDD | D39: 16 | E39: WRC | F39: 42101 | G39: 27.178 | H39: 3.302 | I39: 42117 | M39: 42157 | Q39: 31.242 | R39: 42233 | T39: Y
A40: HUMANN RESOURCES 2010 | B40: B | C40: PLANTSKYDD | D40: 17 | E40: WRC | F40: 42101 | G40: 22.86 | H40: 2.286 | I40: 42117 | M40: 42157 | Q40: 25.4 | R40: 42233 | T40: Y | V40: 26 | W40: 4.63
A41: HUMANN RESOURCES 2010 | B41: B | C41: PLANTSKYDD | D41: 18 | E41: WRC | F41: 42101 | G41: 23.876 | H41: 2.794 | I41: 42117 | M41: 42157 | Q41: 30.226 | R41: 42233 | T41: Y | V41: 33 | W41: 3.84
A42: HUMANN RESOURCES 2010 | B42: B | C42: PLANTSKYDD | D42: 19 | E42: WRC | F42: 42101 | G42: 38.1 | H42: 2.54 | I42: 42117 | M42: 42157 | Q42: 45.974 | R42: 42233 | T42: Y | V42: 46 | W42: 4.17
A43: HUMANN RESOURCES 2010 | B43: B | C43: PLANTSKYDD | D43: 20 | E43: WRC | F43: 42101 | G43: 30.48 | H43: 3.81 | I43: 42117 | M43: 42157 | Q43: 36.322 | R43: 42233 | T43: Y | V43: 42 | W43: 4.7
A44: HUMANN RESOURCES 2010 | B44: C | C44: VEXAR | D44: 1 | E44: WRC | F44: 42101 | G44: 30.48 | H44: 3.81 | I44: 42117 | M44: 42157 | Q44: 40.64 | R44: 42233 | T44: Y | U44: Y | V44: 45 | W44: 3.84
A45: HUMANN RESOURCES 2010 | B45: C | C45: VEXAR | D45: 2 | E45: WRC | F45: 42101 | G45: 28.956 | H45: 4.064 | I45: 42117 | M45: 42157 | Q45: 37.846 | R45: 42233 | T45: Y | V45: 41 | W45: 4.63
A46: HUMANN RESOURCES 2010 | B46: C | C46: VEXAR | D46: 3 | E46: WRC | F46: 42101 | G46: 31.496 | H46: 3.048 | I46: 42117 | M46: 42157 | Q46: 42.164 | R46: 42233 | T46: Y | V46: 50 | W46: 6.41
A47: HUMANN RESOURCES 2010 | B47: C | C47: VEXAR | D47: 4 | E47: WRC | F47: 42101 | G47: 18.542 | H47: 3.048 | I47: 42117 | M47: 42157 | Q47: 24.13 | R47: 42233 | T47: Y | U47: Y | V47: 26 | W47: 2.61
A48: HUMANN RESOURCES 2010 | B48: C | C48: VEXAR | D48: 5 | E48: WRC | F48: 42101 | G48: 28.956 | H48: 2.54 | I48: 42117 | M48: 42157 | Q48: 41.91 | R48: 42233 | T48: Y | V48: 42 | W48: 4.55
A49: HUMANN RESOURCES 2010 | B49: C | C49: VEXAR | D49: 6 | E49: WRC | F49: 42101 | G49: 39.878 | H49: 4.572 | I49: 42117 | M49: 42157 | Q49: 47.244 | R49: 42233 | T49: Y | V49: 53 | W49: 6.11
A50: HUMANN RESOURCES 2010 | B50: C | C50: VEXAR | D50: 7 | E50: WRC | F50: 42101 | G50: 27.94 | H50: 3.556 | I50: 42117 | M50: 42157 | Q50: 36.83 | R50: 42233 | T50: Y | V50: 36 | W50: 5.11
A51: HUMANN RESOURCES 2010 | B51: C | C51: VEXAR | D51: 8 | E51: WRC | F51: 42101 | G51: 22.86 | H51: 3.048 | I51: 42117 | M51: 42157 | Q51: 24.638 | R51: 42233 | T51: Y | V51: 32 | W51: 4.21
A52: HUMANN RESOURCES 2010 | B52: C | C52: VEXAR | D52: 9 | E52: WRC | F52: 42101 | G52: 19.558 | H52: 3.302 | I52: 42117 | M52: 42157 | Q52: 21.336 | R52: 42233 | T52: Y | V52: 29 | W52: 3.53
A53: HUMANN RESOURCES 2010 | B53: C | C53: VEXAR | D53: 10 | E53: WRC | F53: 42101 | G53: 25.654 | H53: 3.81 | I53: 42117 | M53: 42157 | Q53: 26.416 | R53: 42233 | T53: Y | V53: 28 | W53: 5.26
A54: HUMANN RESOURCES 2010 | B54: C | C54: VEXAR | D54: 11 | E54: WRC | F54: 42101 | G54: 35.56 | H54: 5.334 | I54: 42117 | M54: 42157 | Q54: 42.164 | R54: 42233 | T54: Y | V54: 45 | W54: 6.43
A55: HUMANN RESOURCES 2010 | B55: C | C55: VEXAR | D55: 12 | E55: WRC | F55: 42101 | G55: 40.64 | H55: 5.334 | I55: 42117 | M55: 42157 | Q55: 47.244 | R55: 42233 | T55: Y | V55: 55 | W55: 5.51
A56: HUMANN RESOURCES 2010 | B56: C | C56: VEXAR | D56: 13 | E56: WRC | F56: 42101 | G56: 39.116 | H56: 5.334 | I56: 42117 | M56: 42157 | Q56: 53.848 | R56: 42233 | T56: Y | V56: 61 | W56: 6.5
A57: HUMANN RESOURCES 2010 | B57: C | C57: VEXAR | D57: 14 | E57: WRC | F57: 42101 | G57: 23.876 | H57: 2.794 | I57: 42117 | M57: 42157 | Q57: 31.242 | R57: 42233 | T57: Y | V57: 39 | W57: 3.69
A58: HUMANN RESOURCES 2010 | B58: C | C58: VEXAR | D58: 15 | E58: WRC | F58: 42101 | G58: 23.876 | H58: 4.318 | I58: 42117 | M58: 42157 | Q58: 24.892 | R58: 42233 | T58: Y | V58: 27 | W58: 4.24
A59: HUMANN RESOURCES 2010 | B59: C | C59: VEXAR | D59: 16 | E59: WRC | F59: 42101 | G59: 32.258 | H59: 4.318 | I59: 42117 | M59: 42157 | Q59: 48.768 | R59: 42233 | T59: Y | V59: 52 | W59: 5.82
... A63: HUMANN RESOURCES 2010 | B63: C | C63: VEXAR | D63: 20 | E63: WRC | F63: 42101 | G63: 36.576 | H63: 3.556 | I63: 42117 | M63: 42157 | Q63: 51.054 | R63: 42233 | T63: Y | V63: 51 | W63: 5.66
A64: HUMANN RESOURCES 2010 | B64: D | C64: CO-PLANTING | D64: 1 | E64: WRC | F64: 42101 | G64: 23.114 | H64: 3.556 | I64: 42117 | J64: Y | L64: 9.4 | M64: 42157 | N64: Y | Q64: 29.718 | R64: 42233 | S64: Y | T64: Y | V64: 34 | W64: 4.57
A65: HUMANN RESOURCES 2010 | B65: D | C65: CO-PLANTING | D65: 2 | E65: WRC | F65: 42101 | G65: 21.336 | H65: 3.81 | I65: 42117 | M65: 42157 | Q65: 27.686 | R65: 42233 | T65: Y | V65: 34 | W65: 3.34
A66: HUMANN RESOURCES 2010 | B66: D | C66: CO-PLANTING | D66: 3 | E66: WRC | F66: 42101 | G66: 23.876 | H66: 3.048 | I66: 42117 | M66: 42157 | Q66: 29.718 | R66: 42233 | T66: Y | V66: 33 | W66: 3.7
A67: HUMANN RESOURCES 2010 | B67: D | C67: CO-PLANTING | D67: 4 | E67: WRC | F67: 42101 | G67: 31.496 | H67: 3.556 | I67: 42117 | M67: 42157 | N67: Y | Q67: 25.146 | R67: 42233 | S67: Y | T67: Y | V67: 29.5 | W67: 7.27
A68: HUMANN RESOURCES 2010 | B68: D | C68: CO-PLANTING | D68: 5 | E68: WRC | F68: 42101 | G68: 22.86 | H68: 2.54 | I68: 42117 | M68: 42157 | Q68: 20.828 | R68: 42233 | T68: Y | V68: 23 | W68: 2.63
A69: HUMANN RESOURCES 2010 | B69: D | C69: CO-PLANTING | D69: 6 | E69: WRC | F69: 42101 | G69: 30.48 | H69: 3.556 | I69: 42117 | M69: 42157 | N69: Y | Q69: 38.354 | R69: 42233 | S69: Y | V69: 49 | W69: 5.05
A70: HUMANN RESOURCES 2010 | B70: D | C70: CO-PLANTING | D70: 7 | E70: WRC | F70: 42101 | G70: 25.4 | H70: 3.81 | I70: 42117 | M70: 42157 | N70: Y | Q70: 35.814 | R70: 42233 | S70: Y | V70: 40.5 | W70: 4.24
A71: HUMANN RESOURCES 2010 | B71: D | C71: CO-PLANTING | D71: 8 | E71: WRC | F71: 42101 | G71: 18.796 | H71: 2.286 | I71: 42117 | M71: 42157 | Q71: 25.4 | R71: 42233 | T71: Y | V71: 26.5 | W71: 2.88
A72: HUMANN RESOURCES 2010 | B72: D | C72: CO-PLANTING | D72: 9 | E72: WRC | F72: 42101 | G72: 20.32 | H72: 2.54 | I72: 42117 | M72: 42157 | Q72: 22.606 | R72: 42233 | T72: Y | V72: 25 | W72: 2.61
A73: HUMANN RESOURCES 2010 | B73: D | C73: CO-PLANTING | D73: 10 | E73: WRC | F73: 42101 | G73: 28.956 | H73: 3.556 | I73: 42117 | M73: 42157 | Q73: 31.496 | R73: 42233 | T73: Y | V73: 32 | W73: 3.78
A74: HUMANN RESOURCES 2010 | B74: D | C74: CO-PLANTING | D74: 11 | E74: WRC | F74: 42101 | G74: 25.4 | H74: 3.556 | I74: 42117 | M74: 42157 | Q74: 30.734 | R74: 42233 | T74: Y | V74: 32 | W74: 5.44
A75: HUMANN RESOURCES 2010 | B75: D | C75: CO-PLANTING | D75: 12 | E75: WRC | F75: 42101 | G75: 26.416 | H75: 3.048 | I75: 42117 | M75: 42157 | Q75: 35.052 | R75: 42233 | T75: Y | V75: 35 | W75: 3.18
A76: HUMANN RESOURCES 2010 | B76: D | C76: CO-PLANTING | D76: 13 | E76: WRC | F76: 42101 | G76: 35.56 | H76: 5.08 | I76: 42117 | M76: 42157 | Q76: 44.704 | R76: 42233 | T76: Y | V76: 46 | W76: 5.54
A77: HUMANN RESOURCES 2010 | B77: D | C77: CO-PLANTING | D77: 14 | E77: WRC | F77: 42101 | G77: 43.18 | H77: 4.064 | I77: 42117 | M77: 42157 | Q77: 53.34 | R77: 42233 | T77: Y | V77: 56 | W77: 4.67
A78: HUMANN RESOURCES 2010 | B78: D | C78: CO-PLANTING | D78: 15 | E78: WRC | F78: 42101 | G78: 30.48 | H78: 4.572 | I78: 42117 | M78: 42157 | Q78: 41.656 | R78: 42233 | T78: Y | V78: 44 | W78: 5.37
A79: HUMANN RESOURCES 2010 | B79: D | C79: CO-PLANTING | D79: 16 | E79: WRC | F79: 42101 | G79: 22.86 | H79: 3.048 | I79: 42117 | M79: 42157 | Q79: 22.86 | R79: 42233 | T79: Y | V79: 23 | W79: 2.12
A80: HUMANN RESOURCES 2010 | B80: D | C80: CO-PLANTING | D80: 17 | E80: WRC | F80: 42101 | G80: 32.258 | H80: 3.556 | I80: 42117 | J80: Y | L80: 17.018 | M80: 42157 | N80: Y | Q80: 22.606 | R80: 42233 | S80: Y | T80: Y | V80: 25.5 | W80: 4.85
A81: HUMANN RESOURCES 2010 | B81: D | C81: CO-PLANTING | D81: 18 | E81: WRC | F81: 42101 | G81: 21.336 | H81: 2.54 | I81: 42117 | J81: Y | L81: 19.304 | M81: 42157 | Q81: 25.654 | R81: 42233 | T81: Y | V81: 27 | W81: 2.92
A82: HUMANN RESOURCES 2010 | B82: D | C82: CO-PLANTING | D82: 19 | E82: WRC | F82: 42101 | G82: 31.496 | H82: 3.302 | I82: 42117 | J82: Y | L82: 15.24 | M82: 42157 | O82: Y | Q82: 23.368 | R82: 42233 | T82: Y | V82: 17 | W82: 3.63
A83: HUMANN RESOURCES 2010 | B83: D | C83: CO-PLANTING | D83: 20 | E83: WRC | F83: 42101 | G83: 22.098 | H83: 3.81 | I83: 42117 | J83: Y | L83: 16.002 | M83: 42157 | N83: Y | Q83: 20.574 | R83: 42233 | S83: Y | T83: Y | V83: 22 | W83: 2.62
A84: HUMANN RESOURCES 2010 | B84: D | C84: CO-PLANTING | D84: 1 | E84: SS | F84: 42101 | G84: 38.1 | H84: 4.826 | I84: 42117 | M84: 42157 | Q84: 53.34 | R84: 42233 | T84: Y | V84: 61 | W84: 4.71
A85: HUMANN RESOURCES 2010 | B85: D | C85: CO-PLANTING | D85: 2 | E85: SS | F85: 42101 | G85: 41.656 | H85: 4.064 | I85: 42117 | M85: 42157 | Q85: 50.292 | R85: 42233 | T85: Y | V85: 60 | W85: 4.59
A86: HUMANN RESOURCES 2010 | B86: D | C86: CO-PLANTING | D86: 3 | E86: SS | F86: 42101 | G86: 31.496 | H86: 5.842 | I86: 42117 | M86: 42157 | Q86: 42.164 | R86: 42233 | T86: Y | V86: 52 | W86: 5.99
A87: HUMANN RESOURCES 2010 | B87: D | C87: CO-PLANTING | D87: 4 | E87: SS | F87: 42101 | G87: 34.036 | H87: 4.064 | I87: 42117 | M87: 42157 | Q87: 41.91 | R87: 42233 | T87: Y | V87: 44 | W87: 4.25
A88: HUMANN RESOURCES 2010 | B88: D | C88: CO-PLANTING | D88: 5 | E88: SS | F88: 42101 | G88: 46.736 | H88: 4.2418 | I88: 42117 | M88: 42157 | Q88: 55.88 | R88: 42233 | T88: Y | V88: 66 | W88: 4.24
A89: HUMANN RESOURCES 2010 | B89: D | C89: CO-PLANTING | D89: 6 | E89: SS | F89: 42101 | G89: 36.576 | H89: 4.064 | I89: 42117 | M89: 42157 | Q89: 48.768 | R89: 42233 | V89: 62 | W89: 5.46
A90: HUMANN RESOURCES 2010 | B90: D | C90: CO-PLANTING | D90: 7 | E90: SS | F90: 42101 | G90: 38.1 | H90: 4.572 | I90: 42117 | M90: 42157 | Q90: 49.784 | R90: 42233 | V90: 60 | W90: 6.02
A91: HUMANN RESOURCES 2010 | B91: D | C91: CO-PLANTING | D91: 8 | E91: SS | F91: 42101 | G91: 47.498 | H91: 4.572 | I91: 42117 | M91: 42157 | Q91: 61.468 | R91: 42233 | T91: Y | V91: 71 | W91: 5.28
A92: HUMANN RESOURCES 2010 | B92: D | C92: CO-PLANTING | D92: 9 | E92: SS | F92: 42101 | G92: 44.958 | H92: 5.334 | I92: 42117 | M92: 42157 | Q92: 53.34 | R92: 42233 | T92: Y | V92: 63.5 | W92: 5.54
A93: HUMANN RESOURCES 2010 | B93: D | C93: CO-PLANTING | D93: 10 | E93: SS | F93: 42101 | G93: 34.798 | H93: 3.302 | I93: 42117 | M93: 42157 | Q93: 46.99 | R93: 42233 | T93: Y | V93: 54 | W93: 3.88
A94: HUMANN RESOURCES 2010 | B94: D | C94: CO-PLANTING | D94: 11 | E94: SS | F94: 42101 | G94: 40.64 | H94: 4.572 | I94: 42117 | M94: 42157 | Q94: 49.784 | R94: 42233 | T94: Y | V94: 59 | W94: 5.34
A95: HUMANN RESOURCES 2010 | B95: D | C95: CO-PLANTING | D95: 12 | E95: SS | F95: 42101 | G95: 35.56 | H95: 3.556 | I95: 42117 | M95: 42157 | Q95: 48.006 | R95: 42233 | T95: Y | V95: 56 | W95: 4.76
A96: HUMANN RESOURCES 2010 | B96: D | C96: CO-PLANTING | D96: 13 | E96: SS | F96: 42101 | G96: 48.26 | H96: 4.318 | I96: 42117 | M96: 42157 | Q96: 55.88 | R96: 42233 | T96: Y | V96: 63 | W96: 5.03
A97: HUMANN RESOURCES 2010 | B97: D | C97: CO-PLANTING | D97: 14 | E97: SS | F97: 42101 | G97: 45.72 | H97: 4.318 | I97: 42117 | M97: 42157 | Q97: 58.928 | R97: 42233 | T97: Y | V97: 65 | W97: 5.07
A98: HUMANN RESOURCES 2010 | B98: D | C98: CO-PLANTING | D98: 15 | E98: SS | F98: 42101 | G98: 39.116 | H98: 4.318 | I98: 42117 | M98: 42157 | Q98: 52.832 | R98: 42233 | T98: Y | V98: 59 | W98: 4.45
A99: HUMANN RESOURCES 2010 | B99: D | C99: CO-PLANTING | D99: 16 | E99: SS | F99: 42101 | G99: 44.196 | H99: 4.064 | I99: 42117 | M99: 42157 | Q99: 56.642 | R99: 42233 | T99: Y | V99: 65 | W99: 4.95
A100: HUMANN RESOURCES 2010 | B100: D | C100: CO-PLANTING | D100: 17 | E100: SS | F100: 42101 | G100: 52.578 | H100: 4.572 | I100: 42117 | M100: 42157 | Q100: 64.262 | R100: 42233 | T100: Y | V100: 75 | W100: 6.46
A101: HUMANN RESOURCES 2010 | B101: D | C101: CO-PLANTING | D101: 18 | E101: SS | F101: 42101 | G101: 41.656 | H101: 4.826 | I101: 42117 | M101: 42157 | Q101: 56.134 | R101: 42233 | T101: Y | V101: 65.5 | W101: 4.74
A102: HUMANN RESOURCES 2010 | B102: D | C102: CO-PLANTING | D102: 19 | E102: SS | F102: 42101 | G102: 38.862 | H102: 4.826 | I102: 42117 | M102: 42157 | Q102: 56.896 | R102: 42233 | T102: Y | V102: 64.5 | W102: 4.83
A103: HUMANN RESOURCES 2010 | B103: D | C103: CO-PLANTING | D103: 20 | E103: SS | F103: 42101 | G103: 37.338 | H103: 5.334 | I103: 42117 | M103: 42157 | Q103: 44.704 | R103: 42233 | T103: Y | V103: 51 | W103: 4.66
...

Sheet FEEDER
A1: =IF(DATASHEET!A2=0,"",DATASHEET!A2) -> Site Info | B1: =IF(DATASHEET!B2=0,"",DATASHEET!B2) | C1: =IF(DATASHEET!C2=0,"",DATASHEET!C2) | E1: =IF(DATASHEET!D2=0,"",DATASHEET!D2) | F1: =IF(DATASHEET!E2=0,"",DATASHEET!E2) | G1: =IF(DATASHEET!F2=0,"",DATASHEET!F2) -> Initial Measurements | H1: =IF(DATASHEET!G2=0,"",DATASHEET!G2) | I1: =IF(DATASHEET!H2=0,"",DATASHEET!H2) | J1: =IF(DATASHEET!I2=0,"",DATASHEET!I2) -> 1-Week Measurments | K1: =IF(DATASHEET!J2=0,"",DATASHEET!J2) | L1: =IF(DATASHEET!K2=0,"",DATASHEET!K2) | M1: =IF(DATASHEET!L2=0,"",DATASHEET!L2) | T1: =IF(DATASHEET!M2=0,"",DATASHEET!M2) -> 2-Month Measurements | U1: =IF(DATASHEET!N2=0,"",DATASHEET!N2) | V1: =IF(DATASHEET!O2=0,"",DATASHEET!O2) | W1: =IF(DATASHEET!Q2=0,"",DATASHEET!Q2) | AD1: =IF(DATASHEET!R2=0,"",DATASHEET!R2) -> 4-Month Measurements | AE1: =IF(DATASHEET!S2=0,"",DATASHEET!S2) | AF1: =IF(DATASHEET!T2=0,"",DATASHEET!T2) | AG1: =IF(DATASHEET!V2=0,"",DATASHEET!V2) | AN1: =IF(DATASHEET!X2=0,"",DATASHEET!X2) -> 6-Month Measurements | AO1: =IF(DATASHEET!Y2=0,"",DATASHEET!Y2) | AP1: =IF(DATASHEET!Z2=0,"",DATASHEET!Z2) | AQ1: =IF(DATASHEET!AA2=0,"",DATASHEET!AA2) | AR1: =IF(DATASHEET!AB2=0,"",DATASHEET!AB2) -> 12-Month Measurements | AS1: =IF(DATASHEET!AC2=0,"",DATASHEET!AC2) | AT1: =IF(DATASHEET!AD2=0,"",DATASHEET!AD2) | AU1: =IF(DATASHEET!AE2=0,"",DATASHEET!AE2)
A2: =IF(DATASHEET!A3=0,"",DATASHEET!A3) -> REP | B2: =IF(DATASHEET!B3=0,"",DATASHEET!B3) -> ROW | C2: =IF(DATASHEET!C3=0,"",DATASHEET!C3) -> TREAT_NAME | D2: CONCATENATE TREATMENT | E2: =IF(DATASHEET!D3=0,"",DATASHEET!D3) -> TREE_NMBR | F2: =IF(DATASHEET!E3=0,"",DATASHEET!E3) -> SPECIES | G2: =IF(DATASHEET!F3=0,"",DATASHEET!F3) -> DATE | H2: =IF(DATASHEET!G3=0,"",DATASHEET!G3) -> HT | I2: =IF(DATASHEET!H3=0,"",DATASHEET!H3) -> DIAM | J2: =IF(DATASHEET!I3=0,"",DATASHEET!I3) -> DATE | K2: =IF(DATASHEET!J3=0,"",DATASHEET!J3) -> BROWSE Y/N | L2: =IF(DATASHEET!K3=0,"",DATASHEET!K3) -> MORT Y/N | M2: =IF(DATASHEET!L3=0,"",DATASHEET!L3) -> HT | N2: TIME SINCE INITIAL (Days) | O2: INITIAL & CURRENT HEIGHT | P2: BROWSE LOSS | Q2: INITIAL COUNT | R2: BROWSE FREQUENCY | S2: MORTALITY COUNT | T2: =IF(DATASHEET!M3=0,"",DATASHEET!M3) -> DATE | U2: =IF(DATASHEET!N3=0,"",DATASHEET!N3) -> BROWSE Y/N | V2: =IF(DATASHEET!O3=0,"",DATASHEET!O3) -> MORT Y/N | W2: =IF(DATASHEET!Q3=0,"",DATASHEET!Q3) -> HT | X2: TIME SINCE INITIAL (Days) | Y2: CURRENT HEIGHT | Z2: BROWSE LOSS | AA2: INITIAL COUNT | AB2: BROWSE FREQUENCY | AC2: MORTALITY COUNT | AD2: =IF(DATASHEET!R3=0,"",DATASHEET!R3) -> DATE | AE2: =IF(DATASHEET!S3=0,"",DATASHEET!S3) -> BROWSE Y/N | AF2: =IF(DATASHEET!T3=0,"",DATASHEET!T3) -> MORT Y/N | AG2: =IF(DATASHEET!V3=0,"",DATASHEET!V3) -> HT | AH2: TIME SINCE INITIAL (Days) | AI2: CURRENT HEIGHT | AJ2: BROWSE LOSS | AK2: INITIAL COUNT | AL2: BROWSE FREQUENCY | AM2: MORTALITY COUNT | AN2: =IF(DATASHEET!X3=0,"",DATASHEET!X3) -> DATE | AO2: =IF(DATASHEET!Y3=0,"",DATASHEET!Y3) -> BROWSE Y/N | AP2: =IF(DATASHEET!Z3=0,"",DATASHEET!Z3) -> MORT Y/N | AQ2: =IF(DATASHEET!AA3=0,"",DATASHEET!AA3) -> HT | AR2: =IF(DATASHEET!AB3=0,"",DATASHEET!AB3) -> DATE | AS2: =IF(DATASHEET!AC3=0,"",DATASHEET!AC3) -> BROWSE Y/N | AT2: =IF(DATASHEET!AD3=0,"",DATASHEET!AD3) -> MORT Y/N | AU2: =IF(DATASHEET!AE3=0,"",DATASHEET!AE3) -> HT
A3: =IF(DATASHEET!A4=0,"",DATASHEET!A4) -> HUMANN RESOURCES 2010 | B3: =IF(DATASHEET!B4=0,"",DATASHEET!B4) -> A | C3: =IF(DATASHEET!C4=0,"",DATASHEET!C4) -> SS CTRL | D3: =IF(C3="CO-PLANTING",CONCATENATE(C3," ",F3),C3) -> SS CTRL | E3: =IF(DATASHEET!D4=0,"",DATASHEET!D4) -> 1 | F3: =IF(DATASHEET!E4=0,"",DATASHEET!E4) -> SS | G3: =IF(DATASHEET!F4=0,"",DATASHEET!F4) -> 42101 | H3: =IF(DATASHEET!G4=0,"",DATASHEET!G4) -> 45.72 | I3: =IF(DATASHEET!H4=0,"",DATASHEET!H4) -> 5.08 | J3: =IF(DATASHEET!I4=0,"",DATASHEET!I4) -> 42117 | K3: =IF(DATASHEET!J4=0,"",DATASHEET!J4) | L3: =IF(DATASHEET!K4=0,"",DATASHEET!K4) | M3: =IF(DATASHEET!L4=0,"",DATASHEET!L4) | N3: =J3-$G3 -> 16 | O3: =IF(M3="",$H3,M3) -> 45.72 | P3: =IF(ISERROR($H3-M3),0,ABS($H3-M3)) -> 0 | Q3: 1 | R3: =IF(K3="Y",1,0) -> 0 | S3: =IF(L3="Y",1,0) -> 0 | T3: =IF(DATASHEET!M4=0,"",DATASHEET!M4) -> 42157 | U3: =IF(DATASHEET!N4=0,"",DATASHEET!N4) | V3: =IF(DATASHEET!O4=0,"",DATASHEET!O4) | W3: =IF(DATASHEET!Q4=0,"",DATASHEET!Q4) -> 54.864 | X3: =T3-$G3 -> 56 | Y3: =W3 -> 54.864 | Z3: =IF(AND($H3-W3>0,U3="Y"),ABS($H3-W3),0) -> 0 | AA3: 1 | AB3: =IF(U3="Y",1,0) -> 0 | AC3: =IF(V3="Y",1,0) -> 0 | AD3: =IF(DATASHEET!R4=0,"",DATASHEET!R4) -> 42233 | AE3: =IF(DATASHEET!S4=0,"",DATASHEET!S4) | AF3: =IF(DATASHEET!T4=0,"",DATASHEET!T4) | AG3: =IF(DATASHEET!V4=0,"",DATASHEET!V4) -> 66 | AH3: =AD3-$G3 -> 132 | AI3: =AG3 -> 66 | AJ3: =IF(AND($W3-AG3>0,AE3="Y"),ABS($W3-AG3),0) -> 0 | AK3: 1 | AL3: =IF(AE3="Y",1,0) -> 0 | AM3: =IF(AF3="Y",1,0) -> 0 | AN3: =IF(DATASHEET!X4=0,"",DATASHEET!X4) | AO3: =IF(DATASHEET!Y4=0,"",DATASHEET!Y4) | AP3: =IF(DATASHEET!Z4=0,"",DATASHEET!Z4) | AQ3: =IF(DATASHEET!AA4=0,"",DATASHEET!AA4) | AR3: =IF(DATASHEET!AB4=0,"",DATASHEET!AB4) | AS3: =IF(DATASHEET!AC4=0,"",DATASHEET!AC4) | AT3: =IF(DATASHEET!AD4=0,"",DATASHEET!AD4) | AU3: =IF(DATASHEET!AE4=0,"",DATASHEET!AE4)
A4: =IF(DATASHEET!A5=0,"",DATASHEET!A5) -> HUMANN RESOURCES 2010 | B4: =IF(DATASHEET!B5=0,"",DATASHEET!B5) -> A | C4: =IF(DATASHEET!C5=0,"",DATASHEET!C5) -> SS CTRL | D4: =IF(C4="CO-PLANTING",CONCATENATE(C4," ",F4),C4) -> SS CTRL | E4: =IF(DATASHEET!D5=0,"",DATASHEET!D5) -> 2 | F4: =IF(DATASHEET!E5=0,"",DATASHEET!E5) -> SS | G4: =IF(DATASHEET!F5=0,"",DATASHEET!F5) -> 42101 | H4: =IF(DATASHEET!G5=0,"",DATASHEET!G5) -> 44.196 | I4: =IF(DATASHEET!H5=0,"",DATASHEET!H5) -> 3.048 | J4: =IF(DATASHEET!I5=0,"",DATASHEET!I5) -> 42117 | K4: =IF(DATASHEET!J5=0,"",DATASHEET!J5) | L4: =IF(DATASHEET!K5=0,"",DATASHEET!K5) | M4: =IF(DATASHEET!L5=0,"",DATASHEET!L5) | N4: =J4-G4 -> 16 | O4: =IF(M4="",$H4,M4) -> 44.196 | P4: =IF(ISERROR($H4-M4),0,ABS($H4-M4)) -> 0 | Q4: 1 | R4: =IF(K4="Y",1,0) -> 0 | S4: =IF(L4="Y",1,0) -> 0 | T4: =IF(DATASHEET!M5=0,"",DATASHEET!M5) -> 42157 | V4: =IF(DATASHEET!O5=0,"",DATASHEET!O5) | W4: =IF(DATASHEET!Q5=0,"",DATASHEET!Q5) -> 53.086 | X4: =T4-$G4 -> 56 | Y4: =W4 -> 53.086 | Z4: =IF(AND($H4-W4>0,U4="Y"),ABS($H4-W4),0) -> 0 | AA4: 1 | AB4: =IF(U4="Y",1,0) -> 0 | AC4: =IF(V4="Y",1,0) -> 0 | AD4: =IF(DATASHEET!R5=0,"",DATASHEET!R5) -> 42233 | AE4: =IF(DATASHEET!S5=0,"",DATASHEET!S5) | AF4: =IF(DATASHEET!T5=0,"",DATASHEET!T5) -> Y | AG4: =IF(DATASHEET!V5=0,"",DATASHEET!V5) -> 62 | AH4: =AD4-$G4 -> 132 | AI4: =AG4 -> 62 | AJ4: =IF(AND($W4-AG4>0,AE4="Y"),ABS($W4-AG4),0) -> 0 | AK4: 1 | AL4: =IF(AE4="Y",1,0) -> 0 | AM4: =IF(AF4="Y",1,0) -> 1 | AN4: =IF(DATASHEET!X5=0,"",DATASHEET!X5) | AO4: =IF(DATASHEET!Y5=0,"",DATASHEET!Y5) | AP4: =IF(DATASHEET!Z5=0,"",DATASHEET!Z5) | AQ4: =IF(DATASHEET!AA5=0,"",DATASHEET!AA5) | AR4: =IF(DATASHEET!AB5=0,"",DATASHEET!AB5) | AS4: =IF(DATASHEET!AC5=0,"",DATASHEET!AC5) | AT4: =IF(DATASHEET!AD5=0,"",DATASHEET!AD5) | AU4: =IF(DATASHEET!AE5=0,"",DATASHEET!AE5)
A5: =IF(DATASHEET!A6=0,"",DATASHEET!A6) -> HUMANN RESOURCES 2010 | B5: =IF(DATASHEET!B6=0,"",DATASHEET!B6) -> A | C5: =IF(DATASHEET!C6=0,"",DATASHEET!C6) -> SS CTRL | D5: =IF(C5="CO-PLANTING",CONCATENATE(C5," ",F5),C5) -> SS CTRL | E5: =IF(DATASHEET!D6=0,"",DATASHEET!D6) -> 3 | F5: =IF(DATASHEET!E6=0,"",DATASHEET!E6) -> SS | G5: =IF(DATASHEET!F6=0,"",DATASHEET!F6) -> 42101 | H5: =IF(DATASHEET!G6=0,"",DATASHEET!G6) -> 38.608 | I5: =IF(DATASHEET!H6=0,"",DATASHEET!H6) -> 4.064 | J5: =IF(DATASHEET!I6=0,"",DATASHEET!I6) -> 42117 | K5: =IF(DATASHEET!J6=0,"",DATASHEET!J6) | L5: =IF(DATASHEET!K6=0,"",DATASHEET!K6) | M5: =IF(DATASHEET!L6=0,"",DATASHEET!L6) | N5: =J5-G5 -> 16 | O5: =IF(M5="",$H5,M5) -> 38.608 | P5: =IF(ISERROR($H5-M5),0,ABS($H5-M5)) -> 0 | Q5: 1 | R5: =IF(K5="Y",1,0) -> 0 | S5: =IF(L5="Y",1,0) -> 0 | T5: =IF(DATASHEET!M6=0,"",DATASHEET!M6) -> 42157 | U5: =IF(DATASHEET!N6=0,"",DATASHEET!N6) | V5: =IF(DATASHEET!O6=0,"",DATASHEET!O6) | W5: =IF(DATASHEET!Q6=0,"",DATASHEET!Q6) -> 46.736 | X5: =T5-$G5 -> 56 | Y5: =W5 -> 46.736 | Z5: =IF(AND($H5-W5>0,U5="Y"),ABS($H5-W5),0) -> 0 | AA5: 1 | AB5: =IF(U5="Y",1,0) -> 0 | AC5: =IF(V5="Y",1,0) -> 0 | AD5: =IF(DATASHEET!R6=0,"",DATASHEET!R6) -> 42233 | AE5: =IF(DATASHEET!S6=0,"",DATASHEET!S6) | AF5: =IF(DATASHEET!T6=0,"",DATASHEET!T6) -> Y | AG5: =IF(DATASHEET!V6=0,"",DATASHEET!V6) -> 51 | AH5: =AD5-$G5 -> 132 | AI5: =AG5 -> 51 | AJ5: =IF(AND($W5-AG5>0,AE5="Y"),ABS($W5-AG5),0) -> 0 | AK5: 1 | AL5: =IF(AE5="Y",1,0) -> 0 | AM5: =IF(AF5="Y",1,0) -> 1 | AN5: =IF(DATASHEET!X6=0,"",DATASHEET!X6) | AO5: =IF(DATASHEET!Y6=0,"",DATASHEET!Y6) | AP5: =IF(DATASHEET!Z6=0,"",DATASHEET!Z6) | AQ5: =IF(DATASHEET!AA6=0,"",DATASHEET!AA6) | AR5: =IF(DATASHEET!AB6=0,"",DATASHEET!AB6) | AS5: =IF(DATASHEET!AC6=0,"",DATASHEET!AC6) | AT5: =IF(DATASHEET!AD6=0,"",DATASHEET!AD6) | AU5: =IF(DATASHEET!AE6=0,"",DATASHEET!AE6)
A6: =IF(DATASHEET!A7=0,"",DATASHEET!A7) -> HUMANN RESOURCES 2010 | B6: =IF(DATASHEET!B7=0,"",DATASHEET!B7) -> A | C6: =IF(DATASHEET!C7=0,"",DATASHEET!C7) -> SS CTRL | D6: =IF(C6="CO-PLANTING",CONCATENATE(C6," ",F6),C6) -> SS CTRL | E6: =IF(DATASHEET!D7=0,"",DATASHEET!D7) -> 4 | F6: =IF(DATASHEET!E7=0,"",DATASHEET!E7) -> SS | G6: =IF(DATASHEET!F7=0,"",DATASHEET!F7) -> 42101 | H6: =IF(DATASHEET!G7=0,"",DATASHEET!G7) -> 46.736 | I6: =IF(DATASHEET!H7=0,"",DATASHEET!H7) -> 4.826 | J6: =IF(DATASHEET!I7=0,"",DATASHEET!I7) -> 42117 | K6: =IF(DATASHEET!J7=0,"",DATASHEET!J7) | L6: =IF(DATASHEET!K7=0,"",DATASHEET!K7) | M6: =IF(DATASHEET!L7=0,"",DATASHEET!L7) | N6: =J6-G6 -> 16 | O6: =IF(M6="",$H6,M6) -> 46.736 | P6: =IF(ISERROR($H6-M6),0,ABS($H6-M6)) -> 0 | Q6: 1 | R6: =IF(K6="Y",1,0) -> 0 | S6: =IF(L6="Y",1,0) -> 0 | T6: =IF(DATASHEET!M7=0,"",DATASHEET!M7) -> 42157 | U6: =IF(DATASHEET!N7=0,"",DATASHEET!N7) | V6: =IF(DATASHEET!O7=0,"",DATASHEET!O7) | W6: =IF(DATASHEET!Q7=0,"",DATASHEET!Q7) -> 55.88 | X6: =T6-$G6 -> 56 | Y6: =W6 -> 55.88 | Z6: =IF(AND($H6-W6>0,U6="Y"),ABS($H6-W6),0) -> 0 | AA6: 1 | AB6: =IF(U6="Y",1,0) -> 0 | AC6: =IF(V6="Y",1,0) -> 0 | AD6: =IF(DATASHEET!R7=0,"",DATASHEET!R7) -> 42233 | AE6: =IF(DATASHEET!S7=0,"",DATASHEET!S7) | AF6: =IF(DATASHEET!T7=0,"",DATASHEET!T7) | AG6: =IF(DATASHEET!V7=0,"",DATASHEET!V7) -> 66.8 | AH6: =AD6-$G6 -> 132 | AI6: =AG6 -> 66.8 | AJ6: =IF(AND($W6-AG6>0,AE6="Y"),ABS($W6-AG6),0) -> 0 | AK6: 1 | AL6: =IF(AE6="Y",1,0) -> 0 | AM6: =IF(AF6="Y",1,0) -> 0 | AN6: =IF(DATASHEET!X7=0,"",DATASHEET!X7) | AO6: =IF(DATASHEET!Y7=0,"",DATASHEET!Y7) | AP6: =IF(DATASHEET!Z7=0,"",DATASHEET!Z7) | AQ6: =IF(DATASHEET!AA7=0,"",DATASHEET!AA7) | AR6: =IF(DATASHEET!AB7=0,"",DATASHEET!AB7) | AS6: =IF(DATASHEET!AC7=0,"",DATASHEET!AC7) | AT6: =IF(DATASHEET!AD7=0,"",DATASHEET!AD7) | AU6: =IF(DATASHEET!AE7=0,"",DATASHEET!AE7)
A7: =IF(DATASHEET!A8=0,"",DATASHEET!A8) -> HUMANN RESOURCES 2010 | B7: =IF(DATASHEET!B8=0,"",DATASHEET!B8) -> A | C7: =IF(DATASHEET!C8=0,"",DATASHEET!C8) -> SS CTRL | D7: =IF(C7="CO-PLANTING",CONCATENATE(C7," ",F7),C7) -> SS CTRL | E7: =IF(DATASHEET!D8=0,"",DATASHEET!D8) -> 5 | F7: =IF(DATASHEET!E8=0,"",DATASHEET!E8) -> SS | G7: =IF(DATASHEET!F8=0,"",DATASHEET!F8) -> 42101 | H7: =IF(DATASHEET!G8=0,"",DATASHEET!G8) -> 49.022 | I7: =IF(DATASHEET!H8=0,"",DATASHEET!H8) -> 4.826 | J7: =IF(DATASHEET!I8=0,"",DATASHEET!I8) -> 42117 | K7: =IF(DATASHEET!J8=0,"",DATASHEET!J8) | L7: =IF(DATASHEET!K8=0,"",DATASHEET!K8) | M7: =IF(DATASHEET!L8=0,"",DATASHEET!L8) | N7: =J7-G7 -> 16 | O7: =IF(M7="",$H7,M7) -> 49.022 | P7: =IF(ISERROR($H7-M7),0,ABS($H7-M7)) -> 0 | Q7: 1 | R7: =IF(K7="Y",1,0) -> 0 | S7: =IF(L7="Y",1,0) -> 0 | T7: =IF(DATASHEET!M8=0,"",DATASHEET!M8) -> 42157 | U7: =IF(DATASHEET!N8=0,"",DATASHEET!N8) | V7: =IF(DATASHEET!O8=0,"",DATASHEET!O8) | W7: =IF(DATASHEET!Q8=0,"",DATASHEET!Q8) -> 49.784 | X7: =T7-$G7 -> 56 | Y7: =W7 -> 49.784 | Z7: =IF(AND($H7-W7>0,U7="Y"),ABS($H7-W7),0) -> 0 | AA7: 1 | AB7: =IF(U7="Y",1,0) -> 0 | AC7: =IF(V7="Y",1,0) -> 0 | AD7: =IF(DATASHEET!R8=0,"",DATASHEET!R8) -> 42233 | AE7: =IF(DATASHEET!S8=0,"",DATASHEET!S8) | AF7: =IF(DATASHEET!T8=0,"",DATASHEET!T8) -> Y | AG7: =IF(DATASHEET!V8=0,"",DATASHEET!V8) -> 53 | AH7: =AD7-$G7 -> 132 | AI7: =AG7 -> 53 | AJ7: =IF(AND($W7-AG7>0,AE7="Y"),ABS($W7-AG7),0) -> 0 | AK7: 1 | AL7: =IF(AE7="Y",1,0) -> 0 | AM7: =IF(AF7="Y",1,0) -> 1 | AN7: =IF(DATASHEET!X8=0,"",DATASHEET!X8) | AO7: =IF(DATASHEET!Y8=0,"",DATASHEET!Y8) | AP7: =IF(DATASHEET!Z8=0,"",DATASHEET!Z8) | AQ7: =IF(DATASHEET!AA8=0,"",DATASHEET!AA8) | AR7: =IF(DATASHEET!AB8=0,"",DATASHEET!AB8) | AS7: =IF(DATASHEET!AC8=0,"",DATASHEET!AC8) | AT7: =IF(DATASHEET!AD8=0,"",DATASHEET!AD8) | AU7: =IF(DATASHEET!AE8=0,"",DATASHEET!AE8)
A8: =IF(DATASHEET!A9=0,"",DATASHEET!A9) -> HUMANN RESOURCES 2010 | B8: =IF(DATASHEET!B9=0,"",DATASHEET!B9) -> A | C8: =IF(DATASHEET!C9=0,"",DATASHEET!C9) -> SS CTRL | D8: =IF(C8="CO-PLANTING",CONCATENATE(C8," ",F8),C8) -> SS CTRL | E8: =IF(DATASHEET!D9=0,"",DATASHEET!D9) -> 6 | F8: =IF(DATASHEET!E9=0,"",DATASHEET!E9) -> SS | G8: =IF(DATASHEET!F9=0,"",DATASHEET!F9) -> 42101 | H8: =IF(DATASHEET!G9=0,"",DATASHEET!G9) -> 33.02 | I8: =IF(DATASHEET!H9=0,"",DATASHEET!H9) -> 4.572 | J8: =IF(DATASHEET!I9=0,"",DATASHEET!I9) -> 42117 | K8: =IF(DATASHEET!J9=0,"",DATASHEET!J9) | L8: =IF(DATASHEET!K9=0,"",DATASHEET!K9) | M8: =IF(DATASHEET!L9=0,"",DATASHEET!L9) | N8: =J8-G8 -> 16 | O8: =IF(M8="",$H8,M8) -> 33.02 | P8: =IF(ISERROR($H8-M8),0,ABS($H8-M8)) -> 0 | Q8: 1 | R8: =IF(K8="Y",1,0) -> 0 | S8: =IF(L8="Y",1,0) -> 0 | T8: =IF(DATASHEET!M9=0,"",DATASHEET!M9) -> 42157 | U8: =IF(DATASHEET!N9=0,"",DATASHEET!N9) | V8: =IF(DATASHEET!O9=0,"",DATASHEET!O9) | W8: =IF(DATASHEET!Q9=0,"",DATASHEET!Q9) -> 38.354 | X8: =T8-$G8 -> 56 | Y8: =W8 -> 38.354 | Z8: =IF(AND($H8-W8>0,U8="Y"),ABS($H8-W8),0) -> 0 | AA8: 1 | AB8: =IF(U8="Y",1,0) -> 0 | AC8: =IF(V8="Y",1,0) -> 0 | AD8: =IF(DATASHEET!R9=0,"",DATASHEET!R9) -> 42233 | AE8: =IF(DATASHEET!S9=0,"",DATASHEET!S9) | AF8: =IF(DATASHEET!T9=0,"",DATASHEET!T9) -> Y | AG8: =IF(DATASHEET!V9=0,"",DATASHEET!V9) -> 43 | AH8: =AD8-$G8 -> 132 | AI8: =AG8 -> 43 | AJ8: =IF(AND($W8-AG8>0,AE8="Y"),ABS($W8-AG8),0) -> 0 | AK8: 1 | AL8: =IF(AE8="Y",1,0) -> 0 | AM8: =IF(AF8="Y",1,0) -> 1 | AN8: =IF(DATASHEET!X9=0,"",DATASHEET!X9) | AO8: =IF(DATASHEET!Y9=0,"",DATASHEET!Y9) | AP8: =IF(DATASHEET!Z9=0,"",DATASHEET!Z9) | AQ8: =IF(DATASHEET!AA9=0,"",DATASHEET!AA9) | AR8: =IF(DATASHEET!AB9=0,"",DATASHEET!AB9) | AS8: =IF(DATASHEET!AC9=0,"",DATASHEET!AC9) | AT8: =IF(DATASHEET!AD9=0,"",DATASHEET!AD9) | AU8: =IF(DATASHEET!AE9=0,"",DATASHEET!AE9)
A9: =IF(DATASHEET!A10=0,"",DATASHEET!A10) -> HUMANN RESOURCES 2010 | B9: =IF(DATASHEET!B10=0,"",DATASHEET!B10) -> A | C9: =IF(DATASHEET!C10=0,"",DATASHEET!C10) -> SS CTRL | D9: =IF(C9="CO-PLANTING",CONCATENATE(C9," ",F9),C9) -> SS CTRL | E9: =IF(DATASHEET!D10=0,"",DATASHEET!D10) -> 7 | F9: =IF(DATASHEET!E10=0,"",DATASHEET!E10) -> SS | G9: =IF(DATASHEET!F10=0,"",DATASHEET!F10) -> 42101 | H9: =IF(DATASHEET!G10=0,"",DATASHEET!G10) -> 45.72 | I9: =IF(DATASHEET!H10=0,"",DATASHEET!H10) -> 3.81 | J9: =IF(DATASHEET!I10=0,"",DATASHEET!I10) -> 42117 | K9: =IF(DATASHEET!J10=0,"",DATASHEET!J10) | L9: =IF(DATASHEET!K10=0,"",DATASHEET!K10) | M9: =IF(DATASHEET!L10=0,"",DATASHEET!L10) | N9: =J9-G9 -> 16 | O9: =IF(M9="",$H9,M9) -> 45.72 | P9: =IF(ISERROR($H9-M9),0,ABS($H9-M9)) -> 0 | Q9: 1 | R9: =IF(K9="Y",1,0) -> 0 | S9: =IF(L9="Y",1,0) -> 0 | T9: =IF(DATASHEET!M10=0,"",DATASHEET!M10) -> 42157 | U9: =IF(DATASHEET!N10=0,"",DATASHEET!N10) | V9: =IF(DATASHEET!O10=0,"",DATASHEET!O10) | W9: =IF(DATASHEET!Q10=0,"",DATASHEET!Q10) -> 54.61 | X9: =T9-$G9 -> 56 | Y9: =W9 -> 54.61 | Z9: =IF(AND($H9-W9>0,U9="Y"),ABS($H9-W9),0) -> 0 | AA9: 1 | AB9: =IF(U9="Y",1,0) -> 0 | AC9: =IF(V9="Y",1,0) -> 0 | AD9: =IF(DATASHEET!R10=0,"",DATASHEET!R10) -> 42233 | AE9: =IF(DATASHEET!S10=0,"",DATASHEET!S10) | AF9: =IF(DATASHEET!T10=0,"",DATASHEET!T10) -> Y | AG9: =IF(DATASHEET!V10=0,"",DATASHEET!V10) -> 60.5 | AH9: =AD9-$G9 -> 132 | AI9: =AG9 -> 60.5 | AJ9: =IF(AND($W9-AG9>0,AE9="Y"),ABS($W9-AG9),0) -> 0 | AK9: 1 | AL9: =IF(AE9="Y",1,0) -> 0 | AM9: =IF(AF9="Y",1,0) -> 1 | AN9: =IF(DATASHEET!X10=0,"",DATASHEET!X10) | AO9: =IF(DATASHEET!Y10=0,"",DATASHEET!Y10) | AP9: =IF(DATASHEET!Z10=0,"",DATASHEET!Z10) | AQ9: =IF(DATASHEET!AA10=0,"",DATASHEET!AA10) | AR9: =IF(DATASHEET!AB10=0,"",DATASHEET!AB10) | AS9: =IF(DATASHEET!AC10=0,"",DATASHEET!AC10) | AT9: =IF(DATASHEET!AD10=0,"",DATASHEET!AD10) | AU9: =IF(DATASHEET!AE10=0,"",DATASHEET!AE10)
A10: =IF(DATASHEET!A11=0,"",DATASHEET!A11) -> HUMANN RESOURCES 2010 | B10: =IF(DATASHEET!B11=0,"",DATASHEET!B11) -> A | C10: =IF(DATASHEET!C11=0,"",DATASHEET!C11) -> SS CTRL | D10: =IF(C10="CO-PLANTING",CONCATENATE(C10," ",F10),C10) -> SS CTRL | E10: =IF(DATASHEET!D11=0,"",DATASHEET!D11) -> 8 | F10: =IF(DATASHEET!E11=0,"",DATASHEET!E11) -> SS | G10: =IF(DATASHEET!F11=0,"",DATASHEET!F11) -> 42101 | H10: =IF(DATASHEET!G11=0,"",DATASHEET!G11) -> 39.878 | I10: =IF(DATASHEET!H11=0,"",DATASHEET!H11) -> 3.81 | J10: =IF(DATASHEET!I11=0,"",DATASHEET!I11) -> 42117 | K10: =IF(DATASHEET!J11=0,"",DATASHEET!J11) | L10: =IF(DATASHEET!K11=0,"",DATASHEET!K11) | M10: =IF(DATASHEET!L11=0,"",DATASHEET!L11) | N10: =J10-G10 -> 16 | O10: =IF(M10="",$H10,M10) -> 39.878 | P10: =IF(ISERROR($H10-M10),0,ABS($H10-M10)) -> 0 | Q10: 1 | R10: =IF(K10="Y",1,0) -> 0 | S10: =IF(L10="Y",1,0) -> 0 | T10: =IF(DATASHEET!M11=0,"",DATASHEET!M11) -> 42157 | U10: =IF(DATASHEET!N11=0,"",DATASHEET!N11) | V10: =IF(DATASHEET!O11=0,"",DATASHEET!O11) | W10: =IF(DATASHEET!Q11=0,"",DATASHEET!Q11) -> 43.18 | X10: =T10-$G10 -> 56 | Y10: =W10 -> 43.18 | Z10: =IF(AND($H10-W10>0,U10="Y"),ABS($H10-W10),0) -> 0 | AA10: 1 | AB10: =IF(U10="Y",1,0) -> 0 | AC10: =IF(V10="Y",1,0) -> 0 | AD10: =IF(DATASHEET!R11=0,"",DATASHEET!R11) -> 42233 | AE10: =IF(DATASHEET!S11=0,"",DATASHEET!S11) | AF10: =IF(DATASHEET!T11=0,"",DATASHEET!T11) -> Y | AG10: =IF(DATASHEET!V11=0,"",DATASHEET!V11) -> 48 | AH10: =AD10-$G10 -> 132 | AI10: =AG10 -> 48 | AJ10: =IF(AND($W10-AG10>0,AE10="Y"),ABS($W10-AG10),0) -> 0 | AK10: 1 | AL10: =IF(AE10="Y",1,0) -> 0 | AM10: =IF(AF10="Y",1,0) -> 1 | AN10: =IF(DATASHEET!X11=0,"",DATASHEET!X11) | AO10: =IF(DATASHEET!Y11=0,"",DATASHEET!Y11) | AP10: =IF(DATASHEET!Z11=0,"",DATASHEET!Z11) | AQ10: =IF(DATASHEET!AA11=0,"",DATASHEET!AA11) | AR10: =IF(DATASHEET!AB11=0,"",DATASHEET!AB11) | AS10: =IF(DATASHEET!AC11=0,"",DATASHEET!AC11) | AT10: =IF(DATASHEET!AD11=0,"",DATASHEET!AD11) | AU10: =IF(DATASHEET!AE11=0,"",DATASHEET!AE11)
A11: =IF(DATASHEET!A12=0,"",DATASHEET!A12) -> HUMANN RESOURCES 2010 | B11: =IF(DATASHEET!B12=0,"",DATASHEET!B12) -> A | C11: =IF(DATASHEET!C12=0,"",DATASHEET!C12) -> SS CTRL | D11: =IF(C11="CO-PLANTING",CONCATENATE(C11," ",F11),C11) -> SS CTRL | E11: =IF(DATASHEET!D12=0,"",DATASHEET!D12) -> 9 | F11: =IF(DATASHEET!E12=0,"",DATASHEET!E12) -> SS | G11: =IF(DATASHEET!F12=0,"",DATASHEET!F12) -> 42101 | H11: =IF(DATASHEET!G12=0,"",DATASHEET!G12) -> 40.894 | I11: =IF(DATASHEET!H12=0,"",DATASHEET!H12) -> 4.318 | J11: =IF(DATASHEET!I12=0,"",DATASHEET!I12) -> 42117 | K11: =IF(DATASHEET!J12=0,"",DATASHEET!J12) | L11: =IF(DATASHEET!K12=0,"",DATASHEET!K12) | M11: =IF(DATASHEET!L12=0,"",DATASHEET!L12) | N11: =J11-G11 -> 16 | O11: =IF(M11="",$H11,M11) -> 40.894 | P11: =IF(ISERROR($H11-M11),0,ABS($H11-M11)) -> 0 | Q11: 1 | R11: =IF(K11="Y",1,0) -> 0 | S11: =IF(L11="Y",1,0) -> 0 | T11: =IF(DATASHEET!M12=0,"",DATASHEET!M12) -> 42157 | U11: =IF(DATASHEET!N12=0,"",DATASHEET!N12) | V11: =IF(DATASHEET!O12=0,"",DATASHEET!O12) | W11: =IF(DATASHEET!Q12=0,"",DATASHEET!Q12) -> 51.308 | X11: =T11-$G11 -> 56 | Y11: =W11 -> 51.308 | Z11: =IF(AND($H11-W11>0,U11="Y"),ABS($H11-W11),0) -> 0 | AA11: 1 | AB11: =IF(U11="Y",1,0) -> 0 | AC11: =IF(V11="Y",1,0) -> 0 | AD11: =IF(DATASHEET!R12=0,"",DATASHEET!R12) -> 42233 | AE11: =IF(DATASHEET!S12=0,"",DATASHEET!S12) | AF11: =IF(DATASHEET!T12=0,"",DATASHEET!T12) -> Y | AG11: =IF(DATASHEET!V12=0,"",DATASHEET!V12) -> 58 | AH11: =AD11-$G11 -> 132 | AI11: =AG11 -> 58 | AJ11: =IF(AND($W11-AG11>0,AE11="Y"),ABS($W11-AG11),0) -> 0 | AK11: 1 | AL11: =IF(AE11="Y",1,0) -> 0 | AM11: =IF(AF11="Y",1,0) -> 1 | AN11: =IF(DATASHEET!X12=0,"",DATASHEET!X12) | AO11: =IF(DATASHEET!Y12=0,"",DATASHEET!Y12) | AP11: =IF(DATASHEET!Z12=0,"",DATASHEET!Z12) | AQ11: =IF(DATASHEET!AA12=0,"",DATASHEET!AA12) | AR11: =IF(DATASHEET!AB12=0,"",DATASHEET!AB12) | AS11: =IF(DATASHEET!AC12=0,"",DATASHEET!AC12) | AT11: =IF(DATASHEET!AD12=0,"",DATASHEET!AD12) | AU11: =IF(DATASHEET!AE12=0,"",DATASHEET!AE12)
A12: =IF(DATASHEET!A13=0,"",DATASHEET!A13) -> HUMANN RESOURCES 2010 | B12: =IF(DATASHEET!B13=0,"",DATASHEET!B13) -> A | C12: =IF(DATASHEET!C13=0,"",DATASHEET!C13) -> SS CTRL | D12: =IF(C12="CO-PLANTING",CONCATENATE(C12," ",F12),C12) -> SS CTRL | E12: =IF(DATASHEET!D13=0,"",DATASHEET!D13) -> 10 | F12: =IF(DATASHEET!E13=0,"",DATASHEET!E13) -> SS | G12: =IF(DATASHEET!F13=0,"",DATASHEET!F13) -> 42101 | H12: =IF(DATASHEET!G13=0,"",DATASHEET!G13) -> 40.894 | I12: =IF(DATASHEET!H13=0,"",DATASHEET!H13) -> 4.572 | J12: =IF(DATASHEET!I13=0,"",DATASHEET!I13) -> 42117 | K12: =IF(DATASHEET!J13=0,"",DATASHEET!J13) | L12: =IF(DATASHEET!K13=0,"",DATASHEET!K13) | M12: =IF(DATASHEET!L13=0,"",DATASHEET!L13) | N12: =J12-G12 -> 16 | O12: =IF(M12="",$H12,M12) -> 40.894 | P12: =IF(ISERROR($H12-M12),0,ABS($H12-M12)) -> 0 | Q12: 1 | R12: =IF(K12="Y",1,0) -> 0 | S12: =IF(L12="Y",1,0) -> 0 | T12: =IF(DATASHEET!M13=0,"",DATASHEET!M13) -> 42157 | U12: =IF(DATASHEET!N13=0,"",DATASHEET!N13) | V12: =IF(DATASHEET!O13=0,"",DATASHEET!O13) | W12: =IF(DATASHEET!Q13=0,"",DATASHEET!Q13) -> 48.006 | X12: =T12-$G12 -> 56 | Y12: =W12 -> 48.006 | Z12: =IF(AND($H12-W12>0,U12="Y"),ABS($H12-W12),0) -> 0 | AA12: 1 | AB12: =IF(U12="Y",1,0) -> 0 | AC12: =IF(V12="Y",1,0) -> 0 | AD12: =IF(DATASHEET!R13=0,"",DATASHEET!R13) -> 42233 | AE12: =IF(DATASHEET!S13=0,"",DATASHEET!S13) | AF12: =IF(DATASHEET!T13=0,"",DATASHEET!T13) -> Y | AG12: =IF(DATASHEET!V13=0,"",DATASHEET!V13) -> 54 | AH12: =AD12-$G12 -> 132 | AI12: =AG12 -> 54 | AJ12: =IF(AND($W12-AG12>0,AE12="Y"),ABS($W12-AG12),0) -> 0 | AK12: 1 | AL12: =IF(AE12="Y",1,0) -> 0 | AM12: =IF(AF12="Y",1,0) -> 1 | AN12: =IF(DATASHEET!X13=0,"",DATASHEET!X13) | AO12: =IF(DATASHEET!Y13=0,"",DATASHEET!Y13) | AP12: =IF(DATASHEET!Z13=0,"",DATASHEET!Z13) | AQ12: =IF(DATASHEET!AA13=0,"",DATASHEET!AA13) | AR12: =IF(DATASHEET!AB13=0,"",DATASHEET!AB13) | AS12: =IF(DATASHEET!AC13=0,"",DATASHEET!AC13) | AT12: =IF(DATASHEET!AD13=0,"",DATASHEET!AD13) | AU12: =IF(DATASHEET!AE13=0,"",DATASHEET!AE13)
A13: =IF(DATASHEET!A14=0,"",DATASHEET!A14) -> HUMANN RESOURCES 2010 | B13: =IF(DATASHEET!B14=0,"",DATASHEET!B14) -> A | C13: =IF(DATASHEET!C14=0,"",DATASHEET!C14) -> SS CTRL | D13: =IF(C13="CO-PLANTING",CONCATENATE(C13," ",F13),C13) -> SS CTRL | E13: =IF(DATASHEET!D14=0,"",DATASHEET!D14) -> 11 | F13: =IF(DATASHEET!E14=0,"",DATASHEET!E14) -> SS | G13: =IF(DATASHEET!F14=0,"",DATASHEET!F14) -> 42101 | H13: =IF(DATASHEET!G14=0,"",DATASHEET!G14) -> 38.608 | I13: =IF(DATASHEET!H14=0,"",DATASHEET!H14) -> 4.064 | J13: =IF(DATASHEET!I14=0,"",DATASHEET!I14) -> 42117 | K13: =IF(DATASHEET!J14=0,"",DATASHEET!J14) | L13: =IF(DATASHEET!K14=0,"",DATASHEET!K14) | M13: =IF(DATASHEET!L14=0,"",DATASHEET!L14) | N13: =J13-G13 -> 16 | O13: =IF(M13="",$H13,M13) -> 38.608 | P13: =IF(ISERROR($H13-M13),0,ABS($H13-M13)) -> 0 | Q13: 1 | R13: =IF(K13="Y",1,0) -> 0 | S13: =IF(L13="Y",1,0) -> 0 | T13: =IF(DATASHEET!M14=0,"",DATASHEET!M14) -> 42157 | U13: =IF(DATASHEET!N14=0,"",DATASHEET!N14) | V13: =IF(DATASHEET!O14=0,"",DATASHEET!O14) | W13: =IF(DATASHEET!Q14=0,"",DATASHEET!Q14) -> 52.832 | X13: =T13-$G13 -> 56 | Y13: =W13 -> 52.832 | Z13: =IF(AND($H13-W13>0,U13="Y"),ABS($H13-W13),0) -> 0 | AA13: 1 | AB13: =IF(U13="Y",1,0) -> 0 | AC13: =IF(V13="Y",1,0) -> 0 | AD13: =IF(DATASHEET!R14=0,"",DATASHEET!R14) -> 42233 | AE13: =IF(DATASHEET!S14=0,"",DATASHEET!S14) | AF13: =IF(DATASHEET!T14=0,"",DATASHEET!T14) | AG13: =IF(DATASHEET!V14=0,"",DATASHEET!V14) -> 63 | AH13: =AD13-$G13 -> 132 | AI13: =AG13 -> 63 | AJ13: =IF(AND($W13-AG13>0,AE13="Y"),ABS($W13-AG13),0) -> 0 | AK13: 1 | AL13: =IF(AE13="Y",1,0) -> 0 | AM13: =IF(AF13="Y",1,0) -> 0 | AN13: =IF(DATASHEET!X14=0,"",DATASHEET!X14) | AO13: =IF(DATASHEET!Y14=0,"",DATASHEET!Y14) | AP13: =IF(DATASHEET!Z14=0,"",DATASHEET!Z14) | AQ13: =IF(DATASHEET!AA14=0,"",DATASHEET!AA14) | AR13: =IF(DATASHEET!AB14=0,"",DATASHEET!AB14) | AS13: =IF(DATASHEET!AC14=0,"",DATASHEET!AC14) | AT13: =IF(DATASHEET!AD14=0,"",DATASHEET!AD14) | AU13: =IF(DATASHEET!AE14=0,"",DATASHEET!AE14)
A14: =IF(DATASHEET!A15=0,"",DATASHEET!A15) -> HUMANN RESOURCES 2010 | B14: =IF(DATASHEET!B15=0,"",DATASHEET!B15) -> A | C14: =IF(DATASHEET!C15=0,"",DATASHEET!C15) -> SS CTRL | D14: =IF(C14="CO-PLANTING",CONCATENATE(C14," ",F14),C14) -> SS CTRL | E14: =IF(DATASHEET!D15=0,"",DATASHEET!D15) -> 12 | F14: =IF(DATASHEET!E15=0,"",DATASHEET!E15) -> SS | G14: =IF(DATASHEET!F15=0,"",DATASHEET!F15) -> 42101 | H14: =IF(DATASHEET!G15=0,"",DATASHEET!G15) -> 38.862 | I14: =IF(DATASHEET!H15=0,"",DATASHEET!H15) -> 4.826 | J14: =IF(DATASHEET!I15=0,"",DATASHEET!I15) -> 42117 | K14: =IF(DATASHEET!J15=0,"",DATASHEET!J15) | L14: =IF(DATASHEET!K15=0,"",DATASHEET!K15) | M14: =IF(DATASHEET!L15=0,"",DATASHEET!L15) | N14: =J14-G14 -> 16 | O14: =IF(M14="",$H14,M14) -> 38.862 | P14: =IF(ISERROR($H14-M14),0,ABS($H14-M14)) -> 0 | Q14: 1 | R14: =IF(K14="Y",1,0) -> 0 | S14: =IF(L14="Y",1,0) -> 0 | T14: =IF(DATASHEET!M15=0,"",DATASHEET!M15) -> 42157 | U14: =IF(DATASHEET!N15=0,"",DATASHEET!N15) | V14: =IF(DATASHEET!O15=0,"",DATASHEET!O15) | W14: =IF(DATASHEET!Q15=0,"",DATASHEET!Q15) -> 46.228 | X14: =T14-$G14 -> 56 | Y14: =W14 -> 46.228 | Z14: =IF(AND($H14-W14>0,U14="Y"),ABS($H14-W14),0) -> 0 | AA14: 1 | AB14: =IF(U14="Y",1,0) -> 0 | AC14: =IF(V14="Y",1,0) -> 0 | AD14: =IF(DATASHEET!R15=0,"",DATASHEET!R15) -> 42233 | AE14: =IF(DATASHEET!S15=0,"",DATASHEET!S15) | AF14: =IF(DATASHEET!T15=0,"",DATASHEET!T15) -> Y | AG14: =IF(DATASHEET!V15=0,"",DATASHEET!V15) -> 55 | AH14: =AD14-$G14 -> 132 | AI14: =AG14 -> 55 | AJ14: =IF(AND($W14-AG14>0,AE14="Y"),ABS($W14-AG14),0) -> 0 | AK14: 1 | AL14: =IF(AE14="Y",1,0) -> 0 | AM14: =IF(AF14="Y",1,0) -> 1 | AN14: =IF(DATASHEET!X15=0,"",DATASHEET!X15) | AO14: =IF(DATASHEET!Y15=0,"",DATASHEET!Y15) | AP14: =IF(DATASHEET!Z15=0,"",DATASHEET!Z15) | AQ14: =IF(DATASHEET!AA15=0,"",DATASHEET!AA15) | AR14: =IF(DATASHEET!AB15=0,"",DATASHEET!AB15) | AS14: =IF(DATASHEET!AC15=0,"",DATASHEET!AC15) | AT14: =IF(DATASHEET!AD15=0,"",DATASHEET!AD15) | AU14: =IF(DATASHEET!AE15=0,"",DATASHEET!AE15)
A15: =IF(DATASHEET!A16=0,"",DATASHEET!A16) -> HUMANN RESOURCES 2010 | B15: =IF(DATASHEET!B16=0,"",DATASHEET!B16) -> A | C15: =IF(DATASHEET!C16=0,"",DATASHEET!C16) -> SS CTRL | D15: =IF(C15="CO-PLANTING",CONCATENATE(C15," ",F15),C15) -> SS CTRL | E15: =IF(DATASHEET!D16=0,"",DATASHEET!D16) -> 13 | F15: =IF(DATASHEET!E16=0,"",DATASHEET!E16) -> SS | G15: =IF(DATASHEET!F16=0,"",DATASHEET!F16) -> 42101 | H15: =IF(DATASHEET!G16=0,"",DATASHEET!G16) -> 36.576 | I15: =IF(DATASHEET!H16=0,"",DATASHEET!H16) -> 3.302 | J15: =IF(DATASHEET!I16=0,"",DATASHEET!I16) -> 42117 | K15: =IF(DATASHEET!J16=0,"",DATASHEET!J16) | L15: =IF(DATASHEET!K16=0,"",DATASHEET!K16) | M15: =IF(DATASHEET!L16=0,"",DATASHEET!L16) | N15: =J15-G15 -> 16 | O15: =IF(M15="",$H15,M15) -> 36.576 | P15: =IF(ISERROR($H15-M15),0,ABS($H15-M15)) -> 0 | Q15: 1 | R15: =IF(K15="Y",1,0) -> 0 | S15: =IF(L15="Y",1,0) -> 0 | T15: =IF(DATASHEET!M16=0,"",DATASHEET!M16) -> 42157 | U15: =IF(DATASHEET!N16=0,"",DATASHEET!N16) | V15: =IF(DATASHEET!O16=0,"",DATASHEET!O16) | W15: =IF(DATASHEET!Q16=0,"",DATASHEET!Q16) -> 46.736 | X15: =T15-$G15 -> 56 | Y15: =W15 -> 46.736 | Z15: =IF(AND($H15-W15>0,U15="Y"),ABS($H15-W15),0) -> 0 | AA15: 1 | AB15: =IF(U15="Y",1,0) -> 0 | AC15: =IF(V15="Y",1,0) -> 0 | AD15: =IF(DATASHEET!R16=0,"",DATASHEET!R16) -> 42233 | AE15: =IF(DATASHEET!S16=0,"",DATASHEET!S16) | AF15: =IF(DATASHEET!T16=0,"",DATASHEET!T16) -> Y | AG15: =IF(DATASHEET!V16=0,"",DATASHEET!V16) -> 56 | AH15: =AD15-$G15 -> 132 | AI15: =AG15 -> 56 | AJ15: =IF(AND($W15-AG15>0,AE15="Y"),ABS($W15-AG15),0) -> 0 | AK15: 1 | AL15: =IF(AE15="Y",1,0) -> 0 | AM15: =IF(AF15="Y",1,0) -> 1 | AN15: =IF(DATASHEET!X16=0,"",DATASHEET!X16) | AO15: =IF(DATASHEET!Y16=0,"",DATASHEET!Y16) | AP15: =IF(DATASHEET!Z16=0,"",DATASHEET!Z16) | AQ15: =IF(DATASHEET!AA16=0,"",DATASHEET!AA16) | AR15: =IF(DATASHEET!AB16=0,"",DATASHEET!AB16) | AS15: =IF(DATASHEET!AC16=0,"",DATASHEET!AC16) | AT15: =IF(DATASHEET!AD16=0,"",DATASHEET!AD16) | AU15: =IF(DATASHEET!AE16=0,"",DATASHEET!AE16)
A16: =IF(DATASHEET!A17=0,"",DATASHEET!A17) -> HUMANN RESOURCES 2010 | B16: =IF(DATASHEET!B17=0,"",DATASHEET!B17) -> A | C16: =IF(DATASHEET!C17=0,"",DATASHEET!C17) -> SS CTRL | D16: =IF(C16="CO-PLANTING",CONCATENATE(C16," ",F16),C16) -> SS CTRL | E16: =IF(DATASHEET!D17=0,"",DATASHEET!D17) -> 14 | F16: =IF(DATASHEET!E17=0,"",DATASHEET!E17) -> SS | G16: =IF(DATASHEET!F17=0,"",DATASHEET!F17) -> 42101 | H16: =IF(DATASHEET!G17=0,"",DATASHEET!G17) -> 39.116 | I16: =IF(DATASHEET!H17=0,"",DATASHEET!H17) -> 4.826 | J16: =IF(DATASHEET!I17=0,"",DATASHEET!I17) -> 42117 | K16: =IF(DATASHEET!J17=0,"",DATASHEET!J17) | L16: =IF(DATASHEET!K17=0,"",DATASHEET!K17) | M16: =IF(DATASHEET!L17=0,"",DATASHEET!L17) | N16: =J16-G16 -> 16 | O16: =IF(M16="",$H16,M16) -> 39.116 | P16: =IF(ISERROR($H16-M16),0,ABS($H16-M16)) -> 0 | Q16: 1 | R16: =IF(K16="Y",1,0) -> 0 | S16: =IF(L16="Y",1,0) -> 0 | T16: =IF(DATASHEET!M17=0,"",DATASHEET!M17) -> 42157 | U16: =IF(DATASHEET!N17=0,"",DATASHEET!N17) | V16: =IF(DATASHEET!O17=0,"",DATASHEET!O17) | W16: =IF(DATASHEET!Q17=0,"",DATASHEET!Q17) -> 52.07 | X16: =T16-$G16 -> 56 | Y16: =W16 -> 52.07 | Z16: =IF(AND($H16-W16>0,U16="Y"),ABS($H16-W16),0) -> 0 | AA16: 1 | AB16: =IF(U16="Y",1,0) -> 0 | AC16: =IF(V16="Y",1,0) -> 0 | AD16: =IF(DATASHEET!R17=0,"",DATASHEET!R17) -> 42233 | AE16: =IF(DATASHEET!S17=0,"",DATASHEET!S17) | AF16: =IF(DATASHEET!T17=0,"",DATASHEET!T17) -> Y | AG16: =IF(DATASHEET!V17=0,"",DATASHEET!V17) -> 59 | AH16: =AD16-$G16 -> 132 | AI16: =AG16 -> 59 | AJ16: =IF(AND($W16-AG16>0,AE16="Y"),ABS($W16-AG16),0) -> 0 | AK16: 1 | AL16: =IF(AE16="Y",1,0) -> 0 | AM16: =IF(AF16="Y",1,0) -> 1 | AN16: =IF(DATASHEET!X17=0,"",DATASHEET!X17) | AO16: =IF(DATASHEET!Y17=0,"",DATASHEET!Y17) | AP16: =IF(DATASHEET!Z17=0,"",DATASHEET!Z17) | AQ16: =IF(DATASHEET!AA17=0,"",DATASHEET!AA17) | AR16: =IF(DATASHEET!AB17=0,"",DATASHEET!AB17) | AS16: =IF(DATASHEET!AC17=0,"",DATASHEET!AC17) | AT16: =IF(DATASHEET!AD17=0,"",DATASHEET!AD17) | AU16: =IF(DATASHEET!AE17=0,"",DATASHEET!AE17)
... A31: =IF(DATASHEET!A32=0,"",DATASHEET!A32) -> HUMANN RESOURCES 2010 | B31: =IF(DATASHEET!B32=0,"",DATASHEET!B32) -> B | C31: =IF(DATASHEET!C32=0,"",DATASHEET!C32) -> PLANTSKYDD | D31: =IF(C31="CO-PLANTING",CONCATENATE(C31," ",F31),C31) -> PLANTSKYDD | E31: =IF(DATASHEET!D32=0,"",DATASHEET!D32) -> 9 | F31: =IF(DATASHEET!E32=0,"",DATASHEET!E32) -> WRC | G31: =IF(DATASHEET!F32=0,"",DATASHEET!F32) -> 42101 | H31: =IF(DATASHEET!G32=0,"",DATASHEET!G32) -> 48.26 | I31: =IF(DATASHEET!H32=0,"",DATASHEET!H32) -> 4.318 | J31: =IF(DATASHEET!I32=0,"",DATASHEET!I32) -> 42117 | K31: =IF(DATASHEET!J32=0,"",DATASHEET!J32) | L31: =IF(DATASHEET!K32=0,"",DATASHEET!K32) | M31: =IF(DATASHEET!L32=0,"",DATASHEET!L32) | N31: =J31-G31 -> 16 | O31: =IF(M31="",$H31,M31) -> 48.26 | P31: =IF(ISERROR($H31-M31),0,ABS($H31-M31)) -> 0 | Q31: 1 | R31: =IF(K31="Y",1,0) -> 0 | S31: =IF(L31="Y",1,0) -> 0 | T31: =IF(DATASHEET!M32=0,"",DATASHEET!M32) -> 42157 | U31: =IF(DATASHEET!N32=0,"",DATASHEET!N32) | V31: =IF(DATASHEET!O32=0,"",DATASHEET!O32) | W31: =IF(DATASHEET!Q32=0,"",DATASHEET!Q32) -> 51.054 | X31: =T31-$G31 -> 56 | Y31: =W31 -> 51.054 | Z31: =IF(AND($H31-W31>0,U31="Y"),ABS($H31-W31),0) -> 0 | AA31: 1 | AB31: =IF(U31="Y",1,0) -> 0 | AC31: =IF(V31="Y",1,0) -> 0 | AD31: =IF(DATASHEET!R32=0,"",DATASHEET!R32) -> 42233 | AE31: =IF(DATASHEET!S32=0,"",DATASHEET!S32) | AF31: =IF(DATASHEET!T32=0,"",DATASHEET!T32) -> Y | AG31: =IF(DATASHEET!V32=0,"",DATASHEET!V32) -> 54 | AH31: =AD31-$G31 -> 132 | AI31: =AG31 -> 54 | AJ31: =IF(AND($W31-AG31>0,AE31="Y"),ABS($W31-AG31),0) -> 0 | AK31: 1 | AL31: =IF(AE31="Y",1,0) -> 0 | AM31: =IF(AF31="Y",1,0) -> 1 | AN31: =IF(DATASHEET!X32=0,"",DATASHEET!X32) | AO31: =IF(DATASHEET!Y32=0,"",DATASHEET!Y32) | AP31: =IF(DATASHEET!Z32=0,"",DATASHEET!Z32) | AQ31: =IF(DATASHEET!AA32=0,"",DATASHEET!AA32) | AR31: =IF(DATASHEET!AB32=0,"",DATASHEET!AB32) | AS31: =IF(DATASHEET!AC32=0,"",DATASHEET!AC32) | AT31: =IF(DATASHEET!AD32=0,"",DATASHEET!AD32) | AU31: =IF(DATASHEET!AE32=0,"",DATASHEET!AE32)
A32: =IF(DATASHEET!A33=0,"",DATASHEET!A33) -> HUMANN RESOURCES 2010 | B32: =IF(DATASHEET!B33=0,"",DATASHEET!B33) -> B | C32: =IF(DATASHEET!C33=0,"",DATASHEET!C33) -> PLANTSKYDD | D32: =IF(C32="CO-PLANTING",CONCATENATE(C32," ",F32),C32) -> PLANTSKYDD | E32: =IF(DATASHEET!D33=0,"",DATASHEET!D33) -> 10 | F32: =IF(DATASHEET!E33=0,"",DATASHEET!E33) -> WRC | G32: =IF(DATASHEET!F33=0,"",DATASHEET!F33) -> 42101 | H32: =IF(DATASHEET!G33=0,"",DATASHEET!G33) -> 27.94 | I32: =IF(DATASHEET!H33=0,"",DATASHEET!H33) -> 2.032 | J32: =IF(DATASHEET!I33=0,"",DATASHEET!I33) -> 42117 | K32: =IF(DATASHEET!J33=0,"",DATASHEET!J33) | L32: =IF(DATASHEET!K33=0,"",DATASHEET!K33) | M32: =IF(DATASHEET!L33=0,"",DATASHEET!L33) | N32: =J32-G32 -> 16 | O32: =IF(M32="",$H32,M32) -> 27.94 | P32: =IF(ISERROR($H32-M32),0,ABS($H32-M32)) -> 0 | Q32: 1 | R32: =IF(K32="Y",1,0) -> 0 | S32: =IF(L32="Y",1,0) -> 0 | T32: =IF(DATASHEET!M33=0,"",DATASHEET!M33) -> 42157 | U32: =IF(DATASHEET!N33=0,"",DATASHEET!N33) | V32: =IF(DATASHEET!O33=0,"",DATASHEET!O33) | W32: =IF(DATASHEET!Q33=0,"",DATASHEET!Q33) -> 33.02 | X32: =T32-$G32 -> 56 | Y32: =W32 -> 33.02 | Z32: =IF(AND($H32-W32>0,U32="Y"),ABS($H32-W32),0) -> 0 | AA32: 1 | AB32: =IF(U32="Y",1,0) -> 0 | AC32: =IF(V32="Y",1,0) -> 0 | AD32: =IF(DATASHEET!R33=0,"",DATASHEET!R33) -> 42233 | AE32: =IF(DATASHEET!S33=0,"",DATASHEET!S33) | AF32: =IF(DATASHEET!T33=0,"",DATASHEET!T33) -> Y | AG32: =IF(DATASHEET!V33=0,"",DATASHEET!V33) | AH32: =AD32-$G32 -> 132 | AI32: =AG32 | AK32: 1 | AL32: =IF(AE32="Y",1,0) -> 0 | AM32: =IF(AF32="Y",1,0) -> 1 | AN32: =IF(DATASHEET!X33=0,"",DATASHEET!X33) | AO32: =IF(DATASHEET!Y33=0,"",DATASHEET!Y33) | AP32: =IF(DATASHEET!Z33=0,"",DATASHEET!Z33) | AQ32: =IF(DATASHEET!AA33=0,"",DATASHEET!AA33) | AR32: =IF(DATASHEET!AB33=0,"",DATASHEET!AB33) | AS32: =IF(DATASHEET!AC33=0,"",DATASHEET!AC33) | AT32: =IF(DATASHEET!AD33=0,"",DATASHEET!AD33) | AU32: =IF(DATASHEET!AE33=0,"",DATASHEET!AE33)
A33: =IF(DATASHEET!A34=0,"",DATASHEET!A34) -> HUMANN RESOURCES 2010 | B33: =IF(DATASHEET!B34=0,"",DATASHEET!B34) -> B | C33: =IF(DATASHEET!C34=0,"",DATASHEET!C34) -> PLANTSKYDD | D33: =IF(C33="CO-PLANTING",CONCATENATE(C33," ",F33),C33) -> PLANTSKYDD | E33: =IF(DATASHEET!D34=0,"",DATASHEET!D34) -> 11 | F33: =IF(DATASHEET!E34=0,"",DATASHEET!E34) -> WRC | G33: =IF(DATASHEET!F34=0,"",DATASHEET!F34) -> 42101 | H33: =IF(DATASHEET!G34=0,"",DATASHEET!G34) -> 27.94 | I33: =IF(DATASHEET!H34=0,"",DATASHEET!H34) -> 4.572 | J33: =IF(DATASHEET!I34=0,"",DATASHEET!I34) -> 42117 | K33: =IF(DATASHEET!J34=0,"",DATASHEET!J34) | L33: =IF(DATASHEET!K34=0,"",DATASHEET!K34) | M33: =IF(DATASHEET!L34=0,"",DATASHEET!L34) | N33: =J33-G33 -> 16 | O33: =IF(M33="",$H33,M33) -> 27.94 | P33: =IF(ISERROR($H33-M33),0,ABS($H33-M33)) -> 0 | Q33: 1 | R33: =IF(K33="Y",1,0) -> 0 | S33: =IF(L33="Y",1,0) -> 0 | T33: =IF(DATASHEET!M34=0,"",DATASHEET!M34) -> 42157 | U33: =IF(DATASHEET!N34=0,"",DATASHEET!N34) | V33: =IF(DATASHEET!O34=0,"",DATASHEET!O34) | W33: =IF(DATASHEET!Q34=0,"",DATASHEET!Q34) -> 38.608 | X33: =T33-$G33 -> 56 | Y33: =W33 -> 38.608 | Z33: =IF(AND($H33-W33>0,U33="Y"),ABS($H33-W33),0) -> 0 | AA33: 1 | AB33: =IF(U33="Y",1,0) -> 0 | AC33: =IF(V33="Y",1,0) -> 0 | AD33: =IF(DATASHEET!R34=0,"",DATASHEET!R34) -> 42233 | AE33: =IF(DATASHEET!S34=0,"",DATASHEET!S34) | AF33: =IF(DATASHEET!T34=0,"",DATASHEET!T34) -> Y | AG33: =IF(DATASHEET!V34=0,"",DATASHEET!V34) -> 42 | AH33: =AD33-$G33 -> 132 | AI33: =AG33 -> 42 | AJ33: =IF(AND($W33-AG33>0,AE33="Y"),ABS($W33-AG33),0) -> 0 | AK33: 1 | AL33: =IF(AE33="Y",1,0) -> 0 | AM33: =IF(AF33="Y",1,0) -> 1 | AN33: =IF(DATASHEET!X34=0,"",DATASHEET!X34) | AO33: =IF(DATASHEET!Y34=0,"",DATASHEET!Y34) | AP33: =IF(DATASHEET!Z34=0,"",DATASHEET!Z34) | AQ33: =IF(DATASHEET!AA34=0,"",DATASHEET!AA34) | AR33: =IF(DATASHEET!AB34=0,"",DATASHEET!AB34) | AS33: =IF(DATASHEET!AC34=0,"",DATASHEET!AC34) | AT33: =IF(DATASHEET!AD34=0,"",DATASHEET!AD34) | AU33: =IF(DATASHEET!AE34=0,"",DATASHEET!AE34)
A34: =IF(DATASHEET!A35=0,"",DATASHEET!A35) -> HUMANN RESOURCES 2010 | B34: =IF(DATASHEET!B35=0,"",DATASHEET!B35) -> B | C34: =IF(DATASHEET!C35=0,"",DATASHEET!C35) -> PLANTSKYDD | D34: =IF(C34="CO-PLANTING",CONCATENATE(C34," ",F34),C34) -> PLANTSKYDD | E34: =IF(DATASHEET!D35=0,"",DATASHEET!D35) -> 12 | F34: =IF(DATASHEET!E35=0,"",DATASHEET!E35) -> WRC | G34: =IF(DATASHEET!F35=0,"",DATASHEET!F35) -> 42101 | H34: =IF(DATASHEET!G35=0,"",DATASHEET!G35) -> 27.94 | I34: =IF(DATASHEET!H35=0,"",DATASHEET!H35) -> 3.302 | J34: =IF(DATASHEET!I35=0,"",DATASHEET!I35) -> 42117 | K34: =IF(DATASHEET!J35=0,"",DATASHEET!J35) | L34: =IF(DATASHEET!K35=0,"",DATASHEET!K35) | M34: =IF(DATASHEET!L35=0,"",DATASHEET!L35) | N34: =J34-G34 -> 16 | O34: =IF(M34="",$H34,M34) -> 27.94 | P34: =IF(ISERROR($H34-M34),0,ABS($H34-M34)) -> 0 | Q34: 1 | R34: =IF(K34="Y",1,0) -> 0 | S34: =IF(L34="Y",1,0) -> 0 | T34: =IF(DATASHEET!M35=0,"",DATASHEET!M35) -> 42157 | U34: =IF(DATASHEET!N35=0,"",DATASHEET!N35) | V34: =IF(DATASHEET!O35=0,"",DATASHEET!O35) | W34: =IF(DATASHEET!Q35=0,"",DATASHEET!Q35) -> 40.386 | X34: =T34-$G34 -> 56 | Y34: =W34 -> 40.386 | Z34: =IF(AND($H34-W34>0,U34="Y"),ABS($H34-W34),0) -> 0 | AA34: 1 | AB34: =IF(U34="Y",1,0) -> 0 | AC34: =IF(V34="Y",1,0) -> 0 | AD34: =IF(DATASHEET!R35=0,"",DATASHEET!R35) -> 42233 | AE34: =IF(DATASHEET!S35=0,"",DATASHEET!S35) | AF34: =IF(DATASHEET!T35=0,"",DATASHEET!T35) -> Y | AG34: =IF(DATASHEET!V35=0,"",DATASHEET!V35) -> 44 | AH34: =AD34-$G34 -> 132 | AI34: =AG34 -> 44 | AJ34: =IF(AND($W34-AG34>0,AE34="Y"),ABS($W34-AG34),0) -> 0 | AK34: 1 | AL34: =IF(AE34="Y",1,0) -> 0 | AM34: =IF(AF34="Y",1,0) -> 1 | AN34: =IF(DATASHEET!X35=0,"",DATASHEET!X35) | AO34: =IF(DATASHEET!Y35=0,"",DATASHEET!Y35) | AP34: =IF(DATASHEET!Z35=0,"",DATASHEET!Z35) | AQ34: =IF(DATASHEET!AA35=0,"",DATASHEET!AA35) | AR34: =IF(DATASHEET!AB35=0,"",DATASHEET!AB35) | AS34: =IF(DATASHEET!AC35=0,"",DATASHEET!AC35) | AT34: =IF(DATASHEET!AD35=0,"",DATASHEET!AD35) | AU34: =IF(DATASHEET!AE35=0,"",DATASHEET!AE35)
A35: =IF(DATASHEET!A36=0,"",DATASHEET!A36) -> HUMANN RESOURCES 2010 | B35: =IF(DATASHEET!B36=0,"",DATASHEET!B36) -> B | C35: =IF(DATASHEET!C36=0,"",DATASHEET!C36) -> PLANTSKYDD | D35: =IF(C35="CO-PLANTING",CONCATENATE(C35," ",F35),C35) -> PLANTSKYDD | E35: =IF(DATASHEET!D36=0,"",DATASHEET!D36) -> 13 | F35: =IF(DATASHEET!E36=0,"",DATASHEET!E36) -> WRC | G35: =IF(DATASHEET!F36=0,"",DATASHEET!F36) -> 42101 | H35: =IF(DATASHEET!G36=0,"",DATASHEET!G36) -> 28.956 | I35: =IF(DATASHEET!H36=0,"",DATASHEET!H36) -> 3.302 | J35: =IF(DATASHEET!I36=0,"",DATASHEET!I36) -> 42117 | K35: =IF(DATASHEET!J36=0,"",DATASHEET!J36) | L35: =IF(DATASHEET!K36=0,"",DATASHEET!K36) | M35: =IF(DATASHEET!L36=0,"",DATASHEET!L36) | N35: =J35-G35 -> 16 | O35: =IF(M35="",$H35,M35) -> 28.956 | P35: =IF(ISERROR($H35-M35),0,ABS($H35-M35)) -> 0 | Q35: 1 | R35: =IF(K35="Y",1,0) -> 0 | S35: =IF(L35="Y",1,0) -> 0 | T35: =IF(DATASHEET!M36=0,"",DATASHEET!M36) -> 42157 | U35: =IF(DATASHEET!N36=0,"",DATASHEET!N36) | V35: =IF(DATASHEET!O36=0,"",DATASHEET!O36) | W35: =IF(DATASHEET!Q36=0,"",DATASHEET!Q36) -> 40.894 | X35: =T35-$G35 -> 56 | Y35: =W35 -> 40.894 | Z35: =IF(AND($H35-W35>0,U35="Y"),ABS($H35-W35),0) -> 0 | AA35: 1 | AB35: =IF(U35="Y",1,0) -> 0 | AC35: =IF(V35="Y",1,0) -> 0 | AD35: =IF(DATASHEET!R36=0,"",DATASHEET!R36) -> 42233 | AE35: =IF(DATASHEET!S36=0,"",DATASHEET!S36) | AF35: =IF(DATASHEET!T36=0,"",DATASHEET!T36) -> Y | AG35: =IF(DATASHEET!V36=0,"",DATASHEET!V36) -> 45 | AH35: =AD35-$G35 -> 132 | AI35: =AG35 -> 45 | AJ35: =IF(AND($W35-AG35>0,AE35="Y"),ABS($W35-AG35),0) -> 0 | AK35: 1 | AL35: =IF(AE35="Y",1,0) -> 0 | AM35: =IF(AF35="Y",1,0) -> 1 | AN35: =IF(DATASHEET!X36=0,"",DATASHEET!X36) | AO35: =IF(DATASHEET!Y36=0,"",DATASHEET!Y36) | AP35: =IF(DATASHEET!Z36=0,"",DATASHEET!Z36) | AQ35: =IF(DATASHEET!AA36=0,"",DATASHEET!AA36) | AR35: =IF(DATASHEET!AB36=0,"",DATASHEET!AB36) | AS35: =IF(DATASHEET!AC36=0,"",DATASHEET!AC36) | AT35: =IF(DATASHEET!AD36=0,"",DATASHEET!AD36) | AU35: =IF(DATASHEET!AE36=0,"",DATASHEET!AE36)
A36: =IF(DATASHEET!A37=0,"",DATASHEET!A37) -> HUMANN RESOURCES 2010 | B36: =IF(DATASHEET!B37=0,"",DATASHEET!B37) -> B | C36: =IF(DATASHEET!C37=0,"",DATASHEET!C37) -> PLANTSKYDD | D36: =IF(C36="CO-PLANTING",CONCATENATE(C36," ",F36),C36) -> PLANTSKYDD | E36: =IF(DATASHEET!D37=0,"",DATASHEET!D37) -> 14 | F36: =IF(DATASHEET!E37=0,"",DATASHEET!E37) -> WRC | G36: =IF(DATASHEET!F37=0,"",DATASHEET!F37) -> 42101 | H36: =IF(DATASHEET!G37=0,"",DATASHEET!G37) -> 24.638 | I36: =IF(DATASHEET!H37=0,"",DATASHEET!H37) -> 2.286 | J36: =IF(DATASHEET!I37=0,"",DATASHEET!I37) -> 42117 | K36: =IF(DATASHEET!J37=0,"",DATASHEET!J37) | L36: =IF(DATASHEET!K37=0,"",DATASHEET!K37) | M36: =IF(DATASHEET!L37=0,"",DATASHEET!L37) | N36: =J36-G36 -> 16 | O36: =IF(M36="",$H36,M36) -> 24.638 | P36: =IF(ISERROR($H36-M36),0,ABS($H36-M36)) -> 0 | Q36: 1 | R36: =IF(K36="Y",1,0) -> 0 | S36: =IF(L36="Y",1,0) -> 0 | T36: =IF(DATASHEET!M37=0,"",DATASHEET!M37) -> 42157 | U36: =IF(DATASHEET!N37=0,"",DATASHEET!N37) | V36: =IF(DATASHEET!O37=0,"",DATASHEET!O37) | W36: =IF(DATASHEET!Q37=0,"",DATASHEET!Q37) -> 23.368 | X36: =T36-$G36 -> 56 | Y36: =W36 -> 23.368 | Z36: =IF(AND($H36-W36>0,U36="Y"),ABS($H36-W36),0) -> 0 | AA36: 1 | AB36: =IF(U36="Y",1,0) -> 0 | AC36: =IF(V36="Y",1,0) -> 0 | AD36: =IF(DATASHEET!R37=0,"",DATASHEET!R37) -> 42233 | AE36: =IF(DATASHEET!S37=0,"",DATASHEET!S37) | AF36: =IF(DATASHEET!T37=0,"",DATASHEET!T37) -> Y | AG36: =IF(DATASHEET!V37=0,"",DATASHEET!V37) -> 46 | AH36: =AD36-$G36 -> 132 | AI36: =AG36 -> 46 | AJ36: =IF(AND($W36-AG36>0,AE36="Y"),ABS($W36-AG36),0) -> 0 | AK36: 1 | AL36: =IF(AE36="Y",1,0) -> 0 | AM36: =IF(AF36="Y",1,0) -> 1 | AN36: =IF(DATASHEET!X37=0,"",DATASHEET!X37) | AO36: =IF(DATASHEET!Y37=0,"",DATASHEET!Y37) | AP36: =IF(DATASHEET!Z37=0,"",DATASHEET!Z37) | AQ36: =IF(DATASHEET!AA37=0,"",DATASHEET!AA37) | AR36: =IF(DATASHEET!AB37=0,"",DATASHEET!AB37) | AS36: =IF(DATASHEET!AC37=0,"",DATASHEET!AC37) | AT36: =IF(DATASHEET!AD37=0,"",DATASHEET!AD37) | AU36: =IF(DATASHEET!AE37=0,"",DATASHEET!AE37)
A37: =IF(DATASHEET!A38=0,"",DATASHEET!A38) -> HUMANN RESOURCES 2010 | B37: =IF(DATASHEET!B38=0,"",DATASHEET!B38) -> B | C37: =IF(DATASHEET!C38=0,"",DATASHEET!C38) -> PLANTSKYDD | D37: =IF(C37="CO-PLANTING",CONCATENATE(C37," ",F37),C37) -> PLANTSKYDD | E37: =IF(DATASHEET!D38=0,"",DATASHEET!D38) -> 15 | F37: =IF(DATASHEET!E38=0,"",DATASHEET!E38) -> WRC | G37: =IF(DATASHEET!F38=0,"",DATASHEET!F38) -> 42101 | H37: =IF(DATASHEET!G38=0,"",DATASHEET!G38) -> 25.4 | I37: =IF(DATASHEET!H38=0,"",DATASHEET!H38) -> 2.286 | J37: =IF(DATASHEET!I38=0,"",DATASHEET!I38) -> 42117 | K37: =IF(DATASHEET!J38=0,"",DATASHEET!J38) | L37: =IF(DATASHEET!K38=0,"",DATASHEET!K38) | M37: =IF(DATASHEET!L38=0,"",DATASHEET!L38) | N37: =J37-G37 -> 16 | O37: =IF(M37="",$H37,M37) -> 25.4 | P37: =IF(ISERROR($H37-M37),0,ABS($H37-M37)) -> 0 | Q37: 1 | R37: =IF(K37="Y",1,0) -> 0 | S37: =IF(L37="Y",1,0) -> 0 | T37: =IF(DATASHEET!M38=0,"",DATASHEET!M38) -> 42157 | U37: =IF(DATASHEET!N38=0,"",DATASHEET!N38) | V37: =IF(DATASHEET!O38=0,"",DATASHEET!O38) | W37: =IF(DATASHEET!Q38=0,"",DATASHEET!Q38) -> 27.686 | X37: =T37-$G37 -> 56 | Y37: =W37 -> 27.686 | Z37: =IF(AND($H37-W37>0,U37="Y"),ABS($H37-W37),0) -> 0 | AA37: 1 | AB37: =IF(U37="Y",1,0) -> 0 | AC37: =IF(V37="Y",1,0) -> 0 | AD37: =IF(DATASHEET!R38=0,"",DATASHEET!R38) -> 42233 | AE37: =IF(DATASHEET!S38=0,"",DATASHEET!S38) | AF37: =IF(DATASHEET!T38=0,"",DATASHEET!T38) -> Y | AG37: =IF(DATASHEET!V38=0,"",DATASHEET!V38) -> 30.5 | AH37: =AD37-$G37 -> 132 | AI37: =AG37 -> 30.5 | AJ37: =IF(AND($W37-AG37>0,AE37="Y"),ABS($W37-AG37),0) -> 0 | AK37: 1 | AL37: =IF(AE37="Y",1,0) -> 0 | AM37: =IF(AF37="Y",1,0) -> 1 | AN37: =IF(DATASHEET!X38=0,"",DATASHEET!X38) | AO37: =IF(DATASHEET!Y38=0,"",DATASHEET!Y38) | AP37: =IF(DATASHEET!Z38=0,"",DATASHEET!Z38) | AQ37: =IF(DATASHEET!AA38=0,"",DATASHEET!AA38) | AR37: =IF(DATASHEET!AB38=0,"",DATASHEET!AB38) | AS37: =IF(DATASHEET!AC38=0,"",DATASHEET!AC38) | AT37: =IF(DATASHEET!AD38=0,"",DATASHEET!AD38) | AU37: =IF(DATASHEET!AE38=0,"",DATASHEET!AE38)
A38: =IF(DATASHEET!A39=0,"",DATASHEET!A39) -> HUMANN RESOURCES 2010 | B38: =IF(DATASHEET!B39=0,"",DATASHEET!B39) -> B | C38: =IF(DATASHEET!C39=0,"",DATASHEET!C39) -> PLANTSKYDD | D38: =IF(C38="CO-PLANTING",CONCATENATE(C38," ",F38),C38) -> PLANTSKYDD | E38: =IF(DATASHEET!D39=0,"",DATASHEET!D39) -> 16 | F38: =IF(DATASHEET!E39=0,"",DATASHEET!E39) -> WRC | G38: =IF(DATASHEET!F39=0,"",DATASHEET!F39) -> 42101 | H38: =IF(DATASHEET!G39=0,"",DATASHEET!G39) -> 27.178 | I38: =IF(DATASHEET!H39=0,"",DATASHEET!H39) -> 3.302 | J38: =IF(DATASHEET!I39=0,"",DATASHEET!I39) -> 42117 | K38: =IF(DATASHEET!J39=0,"",DATASHEET!J39) | L38: =IF(DATASHEET!K39=0,"",DATASHEET!K39) | M38: =IF(DATASHEET!L39=0,"",DATASHEET!L39) | N38: =J38-G38 -> 16 | O38: =IF(M38="",$H38,M38) -> 27.178 | P38: =IF(ISERROR($H38-M38),0,ABS($H38-M38)) -> 0 | Q38: 1 | R38: =IF(K38="Y",1,0) -> 0 | S38: =IF(L38="Y",1,0) -> 0 | T38: =IF(DATASHEET!M39=0,"",DATASHEET!M39) -> 42157 | U38: =IF(DATASHEET!N39=0,"",DATASHEET!N39) | V38: =IF(DATASHEET!O39=0,"",DATASHEET!O39) | W38: =IF(DATASHEET!Q39=0,"",DATASHEET!Q39) -> 31.242 | X38: =T38-$G38 -> 56 | Y38: =W38 -> 31.242 | Z38: =IF(AND($H38-W38>0,U38="Y"),ABS($H38-W38),0) -> 0 | AA38: 1 | AB38: =IF(U38="Y",1,0) -> 0 | AC38: =IF(V38="Y",1,0) -> 0 | AD38: =IF(DATASHEET!R39=0,"",DATASHEET!R39) -> 42233 | AE38: =IF(DATASHEET!S39=0,"",DATASHEET!S39) | AF38: =IF(DATASHEET!T39=0,"",DATASHEET!T39) -> Y | AG38: =IF(DATASHEET!V39=0,"",DATASHEET!V39) | AH38: =AD38-$G38 -> 132 | AI38: =AG38 | AK38: 1 | AL38: =IF(AE38="Y",1,0) -> 0 | AM38: =IF(AF38="Y",1,0) -> 1 | AN38: =IF(DATASHEET!X39=0,"",DATASHEET!X39) | AO38: =IF(DATASHEET!Y39=0,"",DATASHEET!Y39) | AP38: =IF(DATASHEET!Z39=0,"",DATASHEET!Z39) | AQ38: =IF(DATASHEET!AA39=0,"",DATASHEET!AA39) | AR38: =IF(DATASHEET!AB39=0,"",DATASHEET!AB39) | AS38: =IF(DATASHEET!AC39=0,"",DATASHEET!AC39) | AT38: =IF(DATASHEET!AD39=0,"",DATASHEET!AD39) | AU38: =IF(DATASHEET!AE39=0,"",DATASHEET!AE39)
A39: =IF(DATASHEET!A40=0,"",DATASHEET!A40) -> HUMANN RESOURCES 2010 | B39: =IF(DATASHEET!B40=0,"",DATASHEET!B40) -> B | C39: =IF(DATASHEET!C40=0,"",DATASHEET!C40) -> PLANTSKYDD | D39: =IF(C39="CO-PLANTING",CONCATENATE(C39," ",F39),C39) -> PLANTSKYDD | E39: =IF(DATASHEET!D40=0,"",DATASHEET!D40) -> 17 | F39: =IF(DATASHEET!E40=0,"",DATASHEET!E40) -> WRC | G39: =IF(DATASHEET!F40=0,"",DATASHEET!F40) -> 42101 | H39: =IF(DATASHEET!G40=0,"",DATASHEET!G40) -> 22.86 | I39: =IF(DATASHEET!H40=0,"",DATASHEET!H40) -> 2.286 | J39: =IF(DATASHEET!I40=0,"",DATASHEET!I40) -> 42117 | K39: =IF(DATASHEET!J40=0,"",DATASHEET!J40) | L39: =IF(DATASHEET!K40=0,"",DATASHEET!K40) | M39: =IF(DATASHEET!L40=0,"",DATASHEET!L40) | N39: =J39-G39 -> 16 | O39: =IF(M39="",$H39,M39) -> 22.86 | P39: =IF(ISERROR($H39-M39),0,ABS($H39-M39)) -> 0 | Q39: 1 | R39: =IF(K39="Y",1,0) -> 0 | S39: =IF(L39="Y",1,0) -> 0 | T39: =IF(DATASHEET!M40=0,"",DATASHEET!M40) -> 42157 | U39: =IF(DATASHEET!N40=0,"",DATASHEET!N40) | V39: =IF(DATASHEET!O40=0,"",DATASHEET!O40) | W39: =IF(DATASHEET!Q40=0,"",DATASHEET!Q40) -> 25.4 | X39: =T39-$G39 -> 56 | Y39: =W39 -> 25.4 | Z39: =IF(AND($H39-W39>0,U39="Y"),ABS($H39-W39),0) -> 0 | AA39: 1 | AB39: =IF(U39="Y",1,0) -> 0 | AC39: =IF(V39="Y",1,0) -> 0 | AD39: =IF(DATASHEET!R40=0,"",DATASHEET!R40) -> 42233 | AE39: =IF(DATASHEET!S40=0,"",DATASHEET!S40) | AF39: =IF(DATASHEET!T40=0,"",DATASHEET!T40) -> Y | AG39: =IF(DATASHEET!V40=0,"",DATASHEET!V40) -> 26 | AH39: =AD39-$G39 -> 132 | AI39: =AG39 -> 26 | AJ39: =IF(AND($W39-AG39>0,AE39="Y"),ABS($W39-AG39),0) -> 0 | AK39: 1 | AL39: =IF(AE39="Y",1,0) -> 0 | AM39: =IF(AF39="Y",1,0) -> 1 | AN39: =IF(DATASHEET!X40=0,"",DATASHEET!X40) | AO39: =IF(DATASHEET!Y40=0,"",DATASHEET!Y40) | AP39: =IF(DATASHEET!Z40=0,"",DATASHEET!Z40) | AQ39: =IF(DATASHEET!AA40=0,"",DATASHEET!AA40) | AR39: =IF(DATASHEET!AB40=0,"",DATASHEET!AB40) | AS39: =IF(DATASHEET!AC40=0,"",DATASHEET!AC40) | AT39: =IF(DATASHEET!AD40=0,"",DATASHEET!AD40) | AU39: =IF(DATASHEET!AE40=0,"",DATASHEET!AE40)
A40: =IF(DATASHEET!A41=0,"",DATASHEET!A41) -> HUMANN RESOURCES 2010 | B40: =IF(DATASHEET!B41=0,"",DATASHEET!B41) -> B | C40: =IF(DATASHEET!C41=0,"",DATASHEET!C41) -> PLANTSKYDD | D40: =IF(C40="CO-PLANTING",CONCATENATE(C40," ",F40),C40) -> PLANTSKYDD | E40: =IF(DATASHEET!D41=0,"",DATASHEET!D41) -> 18 | F40: =IF(DATASHEET!E41=0,"",DATASHEET!E41) -> WRC | G40: =IF(DATASHEET!F41=0,"",DATASHEET!F41) -> 42101 | H40: =IF(DATASHEET!G41=0,"",DATASHEET!G41) -> 23.876 | I40: =IF(DATASHEET!H41=0,"",DATASHEET!H41) -> 2.794 | J40: =IF(DATASHEET!I41=0,"",DATASHEET!I41) -> 42117 | K40: =IF(DATASHEET!J41=0,"",DATASHEET!J41) | L40: =IF(DATASHEET!K41=0,"",DATASHEET!K41) | M40: =IF(DATASHEET!L41=0,"",DATASHEET!L41) | N40: =J40-G40 -> 16 | O40: =IF(M40="",$H40,M40) -> 23.876 | P40: =IF(ISERROR($H40-M40),0,ABS($H40-M40)) -> 0 | Q40: 1 | R40: =IF(K40="Y",1,0) -> 0 | S40: =IF(L40="Y",1,0) -> 0 | T40: =IF(DATASHEET!M41=0,"",DATASHEET!M41) -> 42157 | U40: =IF(DATASHEET!N41=0,"",DATASHEET!N41) | V40: =IF(DATASHEET!O41=0,"",DATASHEET!O41) | W40: =IF(DATASHEET!Q41=0,"",DATASHEET!Q41) -> 30.226 | X40: =T40-$G40 -> 56 | Y40: =W40 -> 30.226 | Z40: =IF(AND($H40-W40>0,U40="Y"),ABS($H40-W40),0) -> 0 | AA40: 1 | AB40: =IF(U40="Y",1,0) -> 0 | AC40: =IF(V40="Y",1,0) -> 0 | AD40: =IF(DATASHEET!R41=0,"",DATASHEET!R41) -> 42233 | AE40: =IF(DATASHEET!S41=0,"",DATASHEET!S41) | AF40: =IF(DATASHEET!T41=0,"",DATASHEET!T41) -> Y | AG40: =IF(DATASHEET!V41=0,"",DATASHEET!V41) -> 33 | AH40: =AD40-$G40 -> 132 | AI40: =AG40 -> 33 | AJ40: =IF(AND($W40-AG40>0,AE40="Y"),ABS($W40-AG40),0) -> 0 | AK40: 1 | AL40: =IF(AE40="Y",1,0) -> 0 | AM40: =IF(AF40="Y",1,0) -> 1 | AN40: =IF(DATASHEET!X41=0,"",DATASHEET!X41) | AO40: =IF(DATASHEET!Y41=0,"",DATASHEET!Y41) | AP40: =IF(DATASHEET!Z41=0,"",DATASHEET!Z41) | AQ40: =IF(DATASHEET!AA41=0,"",DATASHEET!AA41) | AR40: =IF(DATASHEET!AB41=0,"",DATASHEET!AB41) | AS40: =IF(DATASHEET!AC41=0,"",DATASHEET!AC41) | AT40: =IF(DATASHEET!AD41=0,"",DATASHEET!AD41) | AU40: =IF(DATASHEET!AE41=0,"",DATASHEET!AE41)
A41: =IF(DATASHEET!A42=0,"",DATASHEET!A42) -> HUMANN RESOURCES 2010 | B41: =IF(DATASHEET!B42=0,"",DATASHEET!B42) -> B | C41: =IF(DATASHEET!C42=0,"",DATASHEET!C42) -> PLANTSKYDD | D41: =IF(C41="CO-PLANTING",CONCATENATE(C41," ",F41),C41) -> PLANTSKYDD | E41: =IF(DATASHEET!D42=0,"",DATASHEET!D42) -> 19 | F41: =IF(DATASHEET!E42=0,"",DATASHEET!E42) -> WRC | G41: =IF(DATASHEET!F42=0,"",DATASHEET!F42) -> 42101 | H41: =IF(DATASHEET!G42=0,"",DATASHEET!G42) -> 38.1 | I41: =IF(DATASHEET!H42=0,"",DATASHEET!H42) -> 2.54 | J41: =IF(DATASHEET!I42=0,"",DATASHEET!I42) -> 42117 | K41: =IF(DATASHEET!J42=0,"",DATASHEET!J42) | L41: =IF(DATASHEET!K42=0,"",DATASHEET!K42) | M41: =IF(DATASHEET!L42=0,"",DATASHEET!L42) | N41: =J41-G41 -> 16 | O41: =IF(M41="",$H41,M41) -> 38.1 | P41: =IF(ISERROR($H41-M41),0,ABS($H41-M41)) -> 0 | Q41: 1 | R41: =IF(K41="Y",1,0) -> 0 | S41: =IF(L41="Y",1,0) -> 0 | T41: =IF(DATASHEET!M42=0,"",DATASHEET!M42) -> 42157 | U41: =IF(DATASHEET!N42=0,"",DATASHEET!N42) | V41: =IF(DATASHEET!O42=0,"",DATASHEET!O42) | W41: =IF(DATASHEET!Q42=0,"",DATASHEET!Q42) -> 45.974 | X41: =T41-$G41 -> 56 | Y41: =W41 -> 45.974 | Z41: =IF(AND($H41-W41>0,U41="Y"),ABS($H41-W41),0) -> 0 | AA41: 1 | AB41: =IF(U41="Y",1,0) -> 0 | AC41: =IF(V41="Y",1,0) -> 0 | AD41: =IF(DATASHEET!R42=0,"",DATASHEET!R42) -> 42233 | AE41: =IF(DATASHEET!S42=0,"",DATASHEET!S42) | AF41: =IF(DATASHEET!T42=0,"",DATASHEET!T42) -> Y | AG41: =IF(DATASHEET!V42=0,"",DATASHEET!V42) -> 46 | AH41: =AD41-$G41 -> 132 | AI41: =AG41 -> 46 | AJ41: =IF(AND($W41-AG41>0,AE41="Y"),ABS($W41-AG41),0) -> 0 | AK41: 1 | AL41: =IF(AE41="Y",1,0) -> 0 | AM41: =IF(AF41="Y",1,0) -> 1 | AN41: =IF(DATASHEET!X42=0,"",DATASHEET!X42) | AO41: =IF(DATASHEET!Y42=0,"",DATASHEET!Y42) | AP41: =IF(DATASHEET!Z42=0,"",DATASHEET!Z42) | AQ41: =IF(DATASHEET!AA42=0,"",DATASHEET!AA42) | AR41: =IF(DATASHEET!AB42=0,"",DATASHEET!AB42) | AS41: =IF(DATASHEET!AC42=0,"",DATASHEET!AC42) | AT41: =IF(DATASHEET!AD42=0,"",DATASHEET!AD42) | AU41: =IF(DATASHEET!AE42=0,"",DATASHEET!AE42)
A42: =IF(DATASHEET!A43=0,"",DATASHEET!A43) -> HUMANN RESOURCES 2010 | B42: =IF(DATASHEET!B43=0,"",DATASHEET!B43) -> B | C42: =IF(DATASHEET!C43=0,"",DATASHEET!C43) -> PLANTSKYDD | D42: =IF(C42="CO-PLANTING",CONCATENATE(C42," ",F42),C42) -> PLANTSKYDD | E42: =IF(DATASHEET!D43=0,"",DATASHEET!D43) -> 20 | F42: =IF(DATASHEET!E43=0,"",DATASHEET!E43) -> WRC | G42: =IF(DATASHEET!F43=0,"",DATASHEET!F43) -> 42101 | H42: =IF(DATASHEET!G43=0,"",DATASHEET!G43) -> 30.48 | I42: =IF(DATASHEET!H43=0,"",DATASHEET!H43) -> 3.81 | J42: =IF(DATASHEET!I43=0,"",DATASHEET!I43) -> 42117 | K42: =IF(DATASHEET!J43=0,"",DATASHEET!J43) | L42: =IF(DATASHEET!K43=0,"",DATASHEET!K43) | M42: =IF(DATASHEET!L43=0,"",DATASHEET!L43) | N42: =J42-G42 -> 16 | O42: =IF(M42="",$H42,M42) -> 30.48 | P42: =IF(ISERROR($H42-M42),0,ABS($H42-M42)) -> 0 | Q42: 1 | R42: =IF(K42="Y",1,0) -> 0 | S42: =IF(L42="Y",1,0) -> 0 | T42: =IF(DATASHEET!M43=0,"",DATASHEET!M43) -> 42157 | U42: =IF(DATASHEET!N43=0,"",DATASHEET!N43) | V42: =IF(DATASHEET!O43=0,"",DATASHEET!O43) | W42: =IF(DATASHEET!Q43=0,"",DATASHEET!Q43) -> 36.322 | X42: =T42-$G42 -> 56 | Y42: =W42 -> 36.322 | Z42: =IF(AND($H42-W42>0,U42="Y"),ABS($H42-W42),0) -> 0 | AA42: 1 | AB42: =IF(U42="Y",1,0) -> 0 | AC42: =IF(V42="Y",1,0) -> 0 | AD42: =IF(DATASHEET!R43=0,"",DATASHEET!R43) -> 42233 | AE42: =IF(DATASHEET!S43=0,"",DATASHEET!S43) | AF42: =IF(DATASHEET!T43=0,"",DATASHEET!T43) -> Y | AG42: =IF(DATASHEET!V43=0,"",DATASHEET!V43) -> 42 | AH42: =AD42-$G42 -> 132 | AI42: =AG42 -> 42 | AJ42: =IF(AND($W42-AG42>0,AE42="Y"),ABS($W42-AG42),0) -> 0 | AK42: 1 | AL42: =IF(AE42="Y",1,0) -> 0 | AM42: =IF(AF42="Y",1,0) -> 1 | AN42: =IF(DATASHEET!X43=0,"",DATASHEET!X43) | AO42: =IF(DATASHEET!Y43=0,"",DATASHEET!Y43) | AP42: =IF(DATASHEET!Z43=0,"",DATASHEET!Z43) | AQ42: =IF(DATASHEET!AA43=0,"",DATASHEET!AA43) | AR42: =IF(DATASHEET!AB43=0,"",DATASHEET!AB43) | AS42: =IF(DATASHEET!AC43=0,"",DATASHEET!AC43) | AT42: =IF(DATASHEET!AD43=0,"",DATASHEET!AD43) | AU42: =IF(DATASHEET!AE43=0,"",DATASHEET!AE43)
A43: =IF(DATASHEET!A44=0,"",DATASHEET!A44) -> HUMANN RESOURCES 2010 | B43: =IF(DATASHEET!B44=0,"",DATASHEET!B44) -> C | C43: =IF(DATASHEET!C44=0,"",DATASHEET!C44) -> VEXAR | D43: =IF(C43="CO-PLANTING",CONCATENATE(C43," ",F43),C43) -> VEXAR | E43: =IF(DATASHEET!D44=0,"",DATASHEET!D44) -> 1 | F43: =IF(DATASHEET!E44=0,"",DATASHEET!E44) -> WRC | G43: =IF(DATASHEET!F44=0,"",DATASHEET!F44) -> 42101 | H43: =IF(DATASHEET!G44=0,"",DATASHEET!G44) -> 30.48 | I43: =IF(DATASHEET!H44=0,"",DATASHEET!H44) -> 3.81 | J43: =IF(DATASHEET!I44=0,"",DATASHEET!I44) -> 42117 | K43: =IF(DATASHEET!J44=0,"",DATASHEET!J44) | L43: =IF(DATASHEET!K44=0,"",DATASHEET!K44) | M43: =IF(DATASHEET!L44=0,"",DATASHEET!L44) | N43: =J43-G43 -> 16 | O43: =IF(M43="",$H43,M43) -> 30.48 | P43: =IF(ISERROR($H43-M43),0,ABS($H43-M43)) -> 0 | Q43: 1 | R43: =IF(K43="Y",1,0) -> 0 | S43: =IF(L43="Y",1,0) -> 0 | T43: =IF(DATASHEET!M44=0,"",DATASHEET!M44) -> 42157 | U43: =IF(DATASHEET!N44=0,"",DATASHEET!N44) | V43: =IF(DATASHEET!O44=0,"",DATASHEET!O44) | W43: =IF(DATASHEET!Q44=0,"",DATASHEET!Q44) -> 40.64 | X43: =T43-$G43 -> 56 | Y43: =W43 -> 40.64 | Z43: =IF(AND($H43-W43>0,U43="Y"),ABS($H43-W43),0) -> 0 | AA43: 1 | AB43: =IF(U43="Y",1,0) -> 0 | AC43: =IF(V43="Y",1,0) -> 0 | AD43: =IF(DATASHEET!R44=0,"",DATASHEET!R44) -> 42233 | AE43: =IF(DATASHEET!S44=0,"",DATASHEET!S44) | AF43: =IF(DATASHEET!T44=0,"",DATASHEET!T44) -> Y | AG43: =IF(DATASHEET!V44=0,"",DATASHEET!V44) -> 45 | AH43: =AD43-$G43 -> 132 | AI43: =AG43 -> 45 | AJ43: =IF(AND($W43-AG43>0,AE43="Y"),ABS($W43-AG43),0) -> 0 | AK43: 1 | AL43: =IF(AE43="Y",1,0) -> 0 | AM43: =IF(AF43="Y",1,0) -> 1 | AN43: =IF(DATASHEET!X44=0,"",DATASHEET!X44) | AO43: =IF(DATASHEET!Y44=0,"",DATASHEET!Y44) | AP43: =IF(DATASHEET!Z44=0,"",DATASHEET!Z44) | AQ43: =IF(DATASHEET!AA44=0,"",DATASHEET!AA44) | AR43: =IF(DATASHEET!AB44=0,"",DATASHEET!AB44) | AS43: =IF(DATASHEET!AC44=0,"",DATASHEET!AC44) | AT43: =IF(DATASHEET!AD44=0,"",DATASHEET!AD44) | AU43: =IF(DATASHEET!AE44=0,"",DATASHEET!AE44)
A44: =IF(DATASHEET!A45=0,"",DATASHEET!A45) -> HUMANN RESOURCES 2010 | B44: =IF(DATASHEET!B45=0,"",DATASHEET!B45) -> C | C44: =IF(DATASHEET!C45=0,"",DATASHEET!C45) -> VEXAR | D44: =IF(C44="CO-PLANTING",CONCATENATE(C44," ",F44),C44) -> VEXAR | E44: =IF(DATASHEET!D45=0,"",DATASHEET!D45) -> 2 | F44: =IF(DATASHEET!E45=0,"",DATASHEET!E45) -> WRC | G44: =IF(DATASHEET!F45=0,"",DATASHEET!F45) -> 42101 | H44: =IF(DATASHEET!G45=0,"",DATASHEET!G45) -> 28.956 | I44: =IF(DATASHEET!H45=0,"",DATASHEET!H45) -> 4.064 | J44: =IF(DATASHEET!I45=0,"",DATASHEET!I45) -> 42117 | K44: =IF(DATASHEET!J45=0,"",DATASHEET!J45) | L44: =IF(DATASHEET!K45=0,"",DATASHEET!K45) | M44: =IF(DATASHEET!L45=0,"",DATASHEET!L45) | N44: =J44-G44 -> 16 | O44: =IF(M44="",$H44,M44) -> 28.956 | P44: =IF(ISERROR($H44-M44),0,ABS($H44-M44)) -> 0 | Q44: 1 | R44: =IF(K44="Y",1,0) -> 0 | S44: =IF(L44="Y",1,0) -> 0 | T44: =IF(DATASHEET!M45=0,"",DATASHEET!M45) -> 42157 | U44: =IF(DATASHEET!N45=0,"",DATASHEET!N45) | V44: =IF(DATASHEET!O45=0,"",DATASHEET!O45) | W44: =IF(DATASHEET!Q45=0,"",DATASHEET!Q45) -> 37.846 | X44: =T44-$G44 -> 56 | Y44: =W44 -> 37.846 | Z44: =IF(AND($H44-W44>0,U44="Y"),ABS($H44-W44),0) -> 0 | AA44: 1 | AB44: =IF(U44="Y",1,0) -> 0 | AC44: =IF(V44="Y",1,0) -> 0 | AD44: =IF(DATASHEET!R45=0,"",DATASHEET!R45) -> 42233 | AE44: =IF(DATASHEET!S45=0,"",DATASHEET!S45) | AF44: =IF(DATASHEET!T45=0,"",DATASHEET!T45) -> Y | AG44: =IF(DATASHEET!V45=0,"",DATASHEET!V45) -> 41 | AH44: =AD44-$G44 -> 132 | AI44: =AG44 -> 41 | AJ44: =IF(AND($W44-AG44>0,AE44="Y"),ABS($W44-AG44),0) -> 0 | AK44: 1 | AL44: =IF(AE44="Y",1,0) -> 0 | AM44: =IF(AF44="Y",1,0) -> 1 | AN44: =IF(DATASHEET!X45=0,"",DATASHEET!X45) | AO44: =IF(DATASHEET!Y45=0,"",DATASHEET!Y45) | AP44: =IF(DATASHEET!Z45=0,"",DATASHEET!Z45) | AQ44: =IF(DATASHEET!AA45=0,"",DATASHEET!AA45) | AR44: =IF(DATASHEET!AB45=0,"",DATASHEET!AB45) | AS44: =IF(DATASHEET!AC45=0,"",DATASHEET!AC45) | AT44: =IF(DATASHEET!AD45=0,"",DATASHEET!AD45) | AU44: =IF(DATASHEET!AE45=0,"",DATASHEET!AE45)
A45: =IF(DATASHEET!A46=0,"",DATASHEET!A46) -> HUMANN RESOURCES 2010 | B45: =IF(DATASHEET!B46=0,"",DATASHEET!B46) -> C | C45: =IF(DATASHEET!C46=0,"",DATASHEET!C46) -> VEXAR | D45: =IF(C45="CO-PLANTING",CONCATENATE(C45," ",F45),C45) -> VEXAR | E45: =IF(DATASHEET!D46=0,"",DATASHEET!D46) -> 3 | F45: =IF(DATASHEET!E46=0,"",DATASHEET!E46) -> WRC | G45: =IF(DATASHEET!F46=0,"",DATASHEET!F46) -> 42101 | H45: =IF(DATASHEET!G46=0,"",DATASHEET!G46) -> 31.496 | I45: =IF(DATASHEET!H46=0,"",DATASHEET!H46) -> 3.048 | J45: =IF(DATASHEET!I46=0,"",DATASHEET!I46) -> 42117 | K45: =IF(DATASHEET!J46=0,"",DATASHEET!J46) | L45: =IF(DATASHEET!K46=0,"",DATASHEET!K46) | M45: =IF(DATASHEET!L46=0,"",DATASHEET!L46) | N45: =J45-G45 -> 16 | O45: =IF(M45="",$H45,M45) -> 31.496 | P45: =IF(ISERROR($H45-M45),0,ABS($H45-M45)) -> 0 | Q45: 1 | R45: =IF(K45="Y",1,0) -> 0 | S45: =IF(L45="Y",1,0) -> 0 | T45: =IF(DATASHEET!M46=0,"",DATASHEET!M46) -> 42157 | U45: =IF(DATASHEET!N46=0,"",DATASHEET!N46) | V45: =IF(DATASHEET!O46=0,"",DATASHEET!O46) | W45: =IF(DATASHEET!Q46=0,"",DATASHEET!Q46) -> 42.164 | X45: =T45-$G45 -> 56 | Y45: =W45 -> 42.164 | Z45: =IF(AND($H45-W45>0,U45="Y"),ABS($H45-W45),0) -> 0 | AA45: 1 | AB45: =IF(U45="Y",1,0) -> 0 | AC45: =IF(V45="Y",1,0) -> 0 | AD45: =IF(DATASHEET!R46=0,"",DATASHEET!R46) -> 42233 | AE45: =IF(DATASHEET!S46=0,"",DATASHEET!S46) | AF45: =IF(DATASHEET!T46=0,"",DATASHEET!T46) -> Y | AG45: =IF(DATASHEET!V46=0,"",DATASHEET!V46) -> 50 | AH45: =AD45-$G45 -> 132 | AI45: =AG45 -> 50 | AJ45: =IF(AND($W45-AG45>0,AE45="Y"),ABS($W45-AG45),0) -> 0 | AK45: 1 | AL45: =IF(AE45="Y",1,0) -> 0 | AM45: =IF(AF45="Y",1,0) -> 1 | AN45: =IF(DATASHEET!X46=0,"",DATASHEET!X46) | AO45: =IF(DATASHEET!Y46=0,"",DATASHEET!Y46) | AP45: =IF(DATASHEET!Z46=0,"",DATASHEET!Z46) | AQ45: =IF(DATASHEET!AA46=0,"",DATASHEET!AA46) | AR45: =IF(DATASHEET!AB46=0,"",DATASHEET!AB46) | AS45: =IF(DATASHEET!AC46=0,"",DATASHEET!AC46) | AT45: =IF(DATASHEET!AD46=0,"",DATASHEET!AD46) | AU45: =IF(DATASHEET!AE46=0,"",DATASHEET!AE46)
A46: =IF(DATASHEET!A47=0,"",DATASHEET!A47) -> HUMANN RESOURCES 2010 | B46: =IF(DATASHEET!B47=0,"",DATASHEET!B47) -> C | C46: =IF(DATASHEET!C47=0,"",DATASHEET!C47) -> VEXAR | D46: =IF(C46="CO-PLANTING",CONCATENATE(C46," ",F46),C46) -> VEXAR | E46: =IF(DATASHEET!D47=0,"",DATASHEET!D47) -> 4 | F46: =IF(DATASHEET!E47=0,"",DATASHEET!E47) -> WRC | G46: =IF(DATASHEET!F47=0,"",DATASHEET!F47) -> 42101 | H46: =IF(DATASHEET!G47=0,"",DATASHEET!G47) -> 18.542 | I46: =IF(DATASHEET!H47=0,"",DATASHEET!H47) -> 3.048 | J46: =IF(DATASHEET!I47=0,"",DATASHEET!I47) -> 42117 | K46: =IF(DATASHEET!J47=0,"",DATASHEET!J47) | L46: =IF(DATASHEET!K47=0,"",DATASHEET!K47) | M46: =IF(DATASHEET!L47=0,"",DATASHEET!L47) | N46: =J46-G46 -> 16 | O46: =IF(M46="",$H46,M46) -> 18.542 | P46: =IF(ISERROR($H46-M46),0,ABS($H46-M46)) -> 0 | Q46: 1 | R46: =IF(K46="Y",1,0) -> 0 | S46: =IF(L46="Y",1,0) -> 0 | T46: =IF(DATASHEET!M47=0,"",DATASHEET!M47) -> 42157 | U46: =IF(DATASHEET!N47=0,"",DATASHEET!N47) | V46: =IF(DATASHEET!O47=0,"",DATASHEET!O47) | W46: =IF(DATASHEET!Q47=0,"",DATASHEET!Q47) -> 24.13 | X46: =T46-$G46 -> 56 | Y46: =W46 -> 24.13 | Z46: =IF(AND($H46-W46>0,U46="Y"),ABS($H46-W46),0) -> 0 | AA46: 1 | AB46: =IF(U46="Y",1,0) -> 0 | AC46: =IF(V46="Y",1,0) -> 0 | AD46: =IF(DATASHEET!R47=0,"",DATASHEET!R47) -> 42233 | AE46: =IF(DATASHEET!S47=0,"",DATASHEET!S47) | AF46: =IF(DATASHEET!T47=0,"",DATASHEET!T47) -> Y | AG46: =IF(DATASHEET!V47=0,"",DATASHEET!V47) -> 26 | AH46: =AD46-$G46 -> 132 | AI46: =AG46 -> 26 | AJ46: =IF(AND($W46-AG46>0,AE46="Y"),ABS($W46-AG46),0) -> 0 | AK46: 1 | AL46: =IF(AE46="Y",1,0) -> 0 | AM46: =IF(AF46="Y",1,0) -> 1 | AN46: =IF(DATASHEET!X47=0,"",DATASHEET!X47) | AO46: =IF(DATASHEET!Y47=0,"",DATASHEET!Y47) | AP46: =IF(DATASHEET!Z47=0,"",DATASHEET!Z47) | AQ46: =IF(DATASHEET!AA47=0,"",DATASHEET!AA47) | AR46: =IF(DATASHEET!AB47=0,"",DATASHEET!AB47) | AS46: =IF(DATASHEET!AC47=0,"",DATASHEET!AC47) | AT46: =IF(DATASHEET!AD47=0,"",DATASHEET!AD47) | AU46: =IF(DATASHEET!AE47=0,"",DATASHEET!AE47)
A47: =IF(DATASHEET!A48=0,"",DATASHEET!A48) -> HUMANN RESOURCES 2010 | B47: =IF(DATASHEET!B48=0,"",DATASHEET!B48) -> C | C47: =IF(DATASHEET!C48=0,"",DATASHEET!C48) -> VEXAR | D47: =IF(C47="CO-PLANTING",CONCATENATE(C47," ",F47),C47) -> VEXAR | E47: =IF(DATASHEET!D48=0,"",DATASHEET!D48) -> 5 | F47: =IF(DATASHEET!E48=0,"",DATASHEET!E48) -> WRC | G47: =IF(DATASHEET!F48=0,"",DATASHEET!F48) -> 42101 | H47: =IF(DATASHEET!G48=0,"",DATASHEET!G48) -> 28.956 | I47: =IF(DATASHEET!H48=0,"",DATASHEET!H48) -> 2.54 | J47: =IF(DATASHEET!I48=0,"",DATASHEET!I48) -> 42117 | K47: =IF(DATASHEET!J48=0,"",DATASHEET!J48) | L47: =IF(DATASHEET!K48=0,"",DATASHEET!K48) | M47: =IF(DATASHEET!L48=0,"",DATASHEET!L48) | N47: =J47-G47 -> 16 | O47: =IF(M47="",$H47,M47) -> 28.956 | P47: =IF(ISERROR($H47-M47),0,ABS($H47-M47)) -> 0 | Q47: 1 | R47: =IF(K47="Y",1,0) -> 0 | S47: =IF(L47="Y",1,0) -> 0 | T47: =IF(DATASHEET!M48=0,"",DATASHEET!M48) -> 42157 | U47: =IF(DATASHEET!N48=0,"",DATASHEET!N48) | V47: =IF(DATASHEET!O48=0,"",DATASHEET!O48) | W47: =IF(DATASHEET!Q48=0,"",DATASHEET!Q48) -> 41.91 | X47: =T47-$G47 -> 56 | Y47: =W47 -> 41.91 | Z47: =IF(AND($H47-W47>0,U47="Y"),ABS($H47-W47),0) -> 0 | AA47: 1 | AB47: =IF(U47="Y",1,0) -> 0 | AC47: =IF(V47="Y",1,0) -> 0 | AD47: =IF(DATASHEET!R48=0,"",DATASHEET!R48) -> 42233 | AE47: =IF(DATASHEET!S48=0,"",DATASHEET!S48) | AF47: =IF(DATASHEET!T48=0,"",DATASHEET!T48) -> Y | AG47: =IF(DATASHEET!V48=0,"",DATASHEET!V48) -> 42 | AH47: =AD47-$G47 -> 132 | AI47: =AG47 -> 42 | AJ47: =IF(AND($W47-AG47>0,AE47="Y"),ABS($W47-AG47),0) -> 0 | AK47: 1 | AL47: =IF(AE47="Y",1,0) -> 0 | AM47: =IF(AF47="Y",1,0) -> 1 | AN47: =IF(DATASHEET!X48=0,"",DATASHEET!X48) | AO47: =IF(DATASHEET!Y48=0,"",DATASHEET!Y48) | AP47: =IF(DATASHEET!Z48=0,"",DATASHEET!Z48) | AQ47: =IF(DATASHEET!AA48=0,"",DATASHEET!AA48) | AR47: =IF(DATASHEET!AB48=0,"",DATASHEET!AB48) | AS47: =IF(DATASHEET!AC48=0,"",DATASHEET!AC48) | AT47: =IF(DATASHEET!AD48=0,"",DATASHEET!AD48) | AU47: =IF(DATASHEET!AE48=0,"",DATASHEET!AE48)
A48: =IF(DATASHEET!A49=0,"",DATASHEET!A49) -> HUMANN RESOURCES 2010 | B48: =IF(DATASHEET!B49=0,"",DATASHEET!B49) -> C | C48: =IF(DATASHEET!C49=0,"",DATASHEET!C49) -> VEXAR | D48: =IF(C48="CO-PLANTING",CONCATENATE(C48," ",F48),C48) -> VEXAR | E48: =IF(DATASHEET!D49=0,"",DATASHEET!D49) -> 6 | F48: =IF(DATASHEET!E49=0,"",DATASHEET!E49) -> WRC | G48: =IF(DATASHEET!F49=0,"",DATASHEET!F49) -> 42101 | H48: =IF(DATASHEET!G49=0,"",DATASHEET!G49) -> 39.878 | I48: =IF(DATASHEET!H49=0,"",DATASHEET!H49) -> 4.572 | J48: =IF(DATASHEET!I49=0,"",DATASHEET!I49) -> 42117 | K48: =IF(DATASHEET!J49=0,"",DATASHEET!J49) | L48: =IF(DATASHEET!K49=0,"",DATASHEET!K49) | M48: =IF(DATASHEET!L49=0,"",DATASHEET!L49) | N48: =J48-G48 -> 16 | O48: =IF(M48="",$H48,M48) -> 39.878 | P48: =IF(ISERROR($H48-M48),0,ABS($H48-M48)) -> 0 | Q48: 1 | R48: =IF(K48="Y",1,0) -> 0 | S48: =IF(L48="Y",1,0) -> 0 | T48: =IF(DATASHEET!M49=0,"",DATASHEET!M49) -> 42157 | U48: =IF(DATASHEET!N49=0,"",DATASHEET!N49) | V48: =IF(DATASHEET!O49=0,"",DATASHEET!O49) | W48: =IF(DATASHEET!Q49=0,"",DATASHEET!Q49) -> 47.244 | X48: =T48-$G48 -> 56 | Y48: =W48 -> 47.244 | Z48: =IF(AND($H48-W48>0,U48="Y"),ABS($H48-W48),0) -> 0 | AA48: 1 | AB48: =IF(U48="Y",1,0) -> 0 | AC48: =IF(V48="Y",1,0) -> 0 | AD48: =IF(DATASHEET!R49=0,"",DATASHEET!R49) -> 42233 | AE48: =IF(DATASHEET!S49=0,"",DATASHEET!S49) | AF48: =IF(DATASHEET!T49=0,"",DATASHEET!T49) -> Y | AG48: =IF(DATASHEET!V49=0,"",DATASHEET!V49) -> 53 | AH48: =AD48-$G48 -> 132 | AI48: =AG48 -> 53 | AJ48: =IF(AND($W48-AG48>0,AE48="Y"),ABS($W48-AG48),0) -> 0 | AK48: 1 | AL48: =IF(AE48="Y",1,0) -> 0 | AM48: =IF(AF48="Y",1,0) -> 1 | AN48: =IF(DATASHEET!X49=0,"",DATASHEET!X49) | AO48: =IF(DATASHEET!Y49=0,"",DATASHEET!Y49) | AP48: =IF(DATASHEET!Z49=0,"",DATASHEET!Z49) | AQ48: =IF(DATASHEET!AA49=0,"",DATASHEET!AA49) | AR48: =IF(DATASHEET!AB49=0,"",DATASHEET!AB49) | AS48: =IF(DATASHEET!AC49=0,"",DATASHEET!AC49) | AT48: =IF(DATASHEET!AD49=0,"",DATASHEET!AD49) | AU48: =IF(DATASHEET!AE49=0,"",DATASHEET!AE49)
A49: =IF(DATASHEET!A50=0,"",DATASHEET!A50) -> HUMANN RESOURCES 2010 | B49: =IF(DATASHEET!B50=0,"",DATASHEET!B50) -> C | C49: =IF(DATASHEET!C50=0,"",DATASHEET!C50) -> VEXAR | D49: =IF(C49="CO-PLANTING",CONCATENATE(C49," ",F49),C49) -> VEXAR | E49: =IF(DATASHEET!D50=0,"",DATASHEET!D50) -> 7 | F49: =IF(DATASHEET!E50=0,"",DATASHEET!E50) -> WRC | G49: =IF(DATASHEET!F50=0,"",DATASHEET!F50) -> 42101 | H49: =IF(DATASHEET!G50=0,"",DATASHEET!G50) -> 27.94 | I49: =IF(DATASHEET!H50=0,"",DATASHEET!H50) -> 3.556 | J49: =IF(DATASHEET!I50=0,"",DATASHEET!I50) -> 42117 | K49: =IF(DATASHEET!J50=0,"",DATASHEET!J50) | L49: =IF(DATASHEET!K50=0,"",DATASHEET!K50) | M49: =IF(DATASHEET!L50=0,"",DATASHEET!L50) | N49: =J49-G49 -> 16 | O49: =IF(M49="",$H49,M49) -> 27.94 | P49: =IF(ISERROR($H49-M49),0,ABS($H49-M49)) -> 0 | Q49: 1 | R49: =IF(K49="Y",1,0) -> 0 | S49: =IF(L49="Y",1,0) -> 0 | T49: =IF(DATASHEET!M50=0,"",DATASHEET!M50) -> 42157 | U49: =IF(DATASHEET!N50=0,"",DATASHEET!N50) | V49: =IF(DATASHEET!O50=0,"",DATASHEET!O50) | W49: =IF(DATASHEET!Q50=0,"",DATASHEET!Q50) -> 36.83 | X49: =T49-$G49 -> 56 | Y49: =W49 -> 36.83 | Z49: =IF(AND($H49-W49>0,U49="Y"),ABS($H49-W49),0) -> 0 | AA49: 1 | AB49: =IF(U49="Y",1,0) -> 0 | AC49: =IF(V49="Y",1,0) -> 0 | AD49: =IF(DATASHEET!R50=0,"",DATASHEET!R50) -> 42233 | AE49: =IF(DATASHEET!S50=0,"",DATASHEET!S50) | AF49: =IF(DATASHEET!T50=0,"",DATASHEET!T50) -> Y | AG49: =IF(DATASHEET!V50=0,"",DATASHEET!V50) -> 36 | AH49: =AD49-$G49 -> 132 | AI49: =AG49 -> 36 | AJ49: =IF(AND($W49-AG49>0,AE49="Y"),ABS($W49-AG49),0) -> 0 | AK49: 1 | AL49: =IF(AE49="Y",1,0) -> 0 | AM49: =IF(AF49="Y",1,0) -> 1 | AN49: =IF(DATASHEET!X50=0,"",DATASHEET!X50) | AO49: =IF(DATASHEET!Y50=0,"",DATASHEET!Y50) | AP49: =IF(DATASHEET!Z50=0,"",DATASHEET!Z50) | AQ49: =IF(DATASHEET!AA50=0,"",DATASHEET!AA50) | AR49: =IF(DATASHEET!AB50=0,"",DATASHEET!AB50) | AS49: =IF(DATASHEET!AC50=0,"",DATASHEET!AC50) | AT49: =IF(DATASHEET!AD50=0,"",DATASHEET!AD50) | AU49: =IF(DATASHEET!AE50=0,"",DATASHEET!AE50)
A50: =IF(DATASHEET!A51=0,"",DATASHEET!A51) -> HUMANN RESOURCES 2010 | B50: =IF(DATASHEET!B51=0,"",DATASHEET!B51) -> C | C50: =IF(DATASHEET!C51=0,"",DATASHEET!C51) -> VEXAR | D50: =IF(C50="CO-PLANTING",CONCATENATE(C50," ",F50),C50) -> VEXAR | E50: =IF(DATASHEET!D51=0,"",DATASHEET!D51) -> 8 | F50: =IF(DATASHEET!E51=0,"",DATASHEET!E51) -> WRC | G50: =IF(DATASHEET!F51=0,"",DATASHEET!F51) -> 42101 | H50: =IF(DATASHEET!G51=0,"",DATASHEET!G51) -> 22.86 | I50: =IF(DATASHEET!H51=0,"",DATASHEET!H51) -> 3.048 | J50: =IF(DATASHEET!I51=0,"",DATASHEET!I51) -> 42117 | K50: =IF(DATASHEET!J51=0,"",DATASHEET!J51) | L50: =IF(DATASHEET!K51=0,"",DATASHEET!K51) | M50: =IF(DATASHEET!L51=0,"",DATASHEET!L51) | N50: =J50-G50 -> 16 | O50: =IF(M50="",$H50,M50) -> 22.86 | P50: =IF(ISERROR($H50-M50),0,ABS($H50-M50)) -> 0 | Q50: 1 | R50: =IF(K50="Y",1,0) -> 0 | S50: =IF(L50="Y",1,0) -> 0 | T50: =IF(DATASHEET!M51=0,"",DATASHEET!M51) -> 42157 | U50: =IF(DATASHEET!N51=0,"",DATASHEET!N51) | V50: =IF(DATASHEET!O51=0,"",DATASHEET!O51) | W50: =IF(DATASHEET!Q51=0,"",DATASHEET!Q51) -> 24.638 | X50: =T50-$G50 -> 56 | Y50: =W50 -> 24.638 | Z50: =IF(AND($H50-W50>0,U50="Y"),ABS($H50-W50),0) -> 0 | AA50: 1 | AB50: =IF(U50="Y",1,0) -> 0 | AC50: =IF(V50="Y",1,0) -> 0 | AD50: =IF(DATASHEET!R51=0,"",DATASHEET!R51) -> 42233 | AE50: =IF(DATASHEET!S51=0,"",DATASHEET!S51) | AF50: =IF(DATASHEET!T51=0,"",DATASHEET!T51) -> Y | AG50: =IF(DATASHEET!V51=0,"",DATASHEET!V51) -> 32 | AH50: =AD50-$G50 -> 132 | AI50: =AG50 -> 32 | AJ50: =IF(AND($W50-AG50>0,AE50="Y"),ABS($W50-AG50),0) -> 0 | AK50: 1 | AL50: =IF(AE50="Y",1,0) -> 0 | AM50: =IF(AF50="Y",1,0) -> 1 | AN50: =IF(DATASHEET!X51=0,"",DATASHEET!X51) | AO50: =IF(DATASHEET!Y51=0,"",DATASHEET!Y51) | AP50: =IF(DATASHEET!Z51=0,"",DATASHEET!Z51) | AQ50: =IF(DATASHEET!AA51=0,"",DATASHEET!AA51) | AR50: =IF(DATASHEET!AB51=0,"",DATASHEET!AB51) | AS50: =IF(DATASHEET!AC51=0,"",DATASHEET!AC51) | AT50: =IF(DATASHEET!AD51=0,"",DATASHEET!AD51) | AU50: =IF(DATASHEET!AE51=0,"",DATASHEET!AE51)
... A162: =IF(DATASHEET!A163=0,"",DATASHEET!A163) -> CENTURY | B162: =IF(DATASHEET!B163=0,"",DATASHEET!B163) -> A | C162: =IF(DATASHEET!C163=0,"",DATASHEET!C163) -> VEXAR | D162: =IF(C162="CO-PLANTING",CONCATENATE(C162," ",F162),C162) -> VEXAR | E162: =IF(DATASHEET!D163=0,"",DATASHEET!D163) -> 20 | F162: =IF(DATASHEET!E163=0,"",DATASHEET!E163) -> WRC | G162: =IF(DATASHEET!F163=0,"",DATASHEET!F163) -> 42098 | H162: =IF(DATASHEET!G163=0,"",DATASHEET!G163) -> 30.48 | I162: =IF(DATASHEET!H163=0,"",DATASHEET!H163) -> 3.81 | J162: =IF(DATASHEET!I163=0,"",DATASHEET!I163) -> 42116 | K162: =IF(DATASHEET!J163=0,"",DATASHEET!J163) | L162: =IF(DATASHEET!K163=0,"",DATASHEET!K163) | M162: =IF(DATASHEET!L163=0,"",DATASHEET!L163) | N162: =J162-G162 -> 18 | O162: =IF(M162="",$H162,M162) -> 30.48 | P162: =IF(ISERROR($H162-M162),0,ABS($H162-M162)) -> 0 | Q162: 1 | R162: =IF(K162="Y",1,0) -> 0 | S162: =IF(L162="Y",1,0) -> 0 | T162: =IF(DATASHEET!M163=0,"",DATASHEET!M163) -> 42157 | U162: =IF(DATASHEET!N163=0,"",DATASHEET!N163) | V162: =IF(DATASHEET!O163=0,"",DATASHEET!O163) | W162: =IF(DATASHEET!Q163=0,"",DATASHEET!Q163) -> 30.734 | X162: =T162-$G162 -> 59 | Y162: =W162 -> 30.734 | Z162: =IF(AND($H162-W162>0,U162="Y"),ABS($H162-W162),0) -> 0 | AA162: 1 | AB162: =IF(U162="Y",1,0) -> 0 | AC162: =IF(V162="Y",1,0) -> 0 | AD162: =IF(DATASHEET!R163=0,"",DATASHEET!R163) -> 42233 | AE162: =IF(DATASHEET!S163=0,"",DATASHEET!S163) | AF162: =IF(DATASHEET!T163=0,"",DATASHEET!T163) | AG162: =IF(DATASHEET!V163=0,"",DATASHEET!V163) -> 34 | AH162: =AD162-$G162 -> 135 | AI162: =AG162 -> 34 | AJ162: =IF(AND($W162-AG162>0,AE162="Y"),ABS($W162-AG162),0) -> 0 | AK162: 1 | AL162: =IF(AE162="Y",1,0) -> 0 | AM162: =IF(AF162="Y",1,0) -> 0 | AN162: =IF(DATASHEET!X163=0,"",DATASHEET!X163) | AO162: =IF(DATASHEET!Y163=0,"",DATASHEET!Y163) | AP162: =IF(DATASHEET!Z163=0,"",DATASHEET!Z163) | AQ162: =IF(DATASHEET!AA163=0,"",DATASHEET!AA163) | AR162: =IF(DATASHEET!AB163=0,"",DATASHEET!AB163) | AS162: =IF(DATASHEET!AC163=0,"",DATASHEET!AC163) | AT162: =IF(DATASHEET!AD163=0,"",DATASHEET!AD163) | AU162: =IF(DATASHEET!AE163=0,"",DATASHEET!AE163)
A163: =IF(DATASHEET!A164=0,"",DATASHEET!A164) -> CENTURY | B163: =IF(DATASHEET!B164=0,"",DATASHEET!B164) -> B | C163: =IF(DATASHEET!C164=0,"",DATASHEET!C164) -> CO-PLANTING | D163: =IF(C163="CO-PLANTING",CONCATENATE(C163," ",F163),C163) -> CO-PLANTING WRC | E163: =IF(DATASHEET!D164=0,"",DATASHEET!D164) -> 1 | F163: =IF(DATASHEET!E164=0,"",DATASHEET!E164) -> WRC | G163: =IF(DATASHEET!F164=0,"",DATASHEET!F164) -> 42098 | H163: =IF(DATASHEET!G164=0,"",DATASHEET!G164) -> 16.51 | I163: =IF(DATASHEET!H164=0,"",DATASHEET!H164) -> 2.032 | J163: =IF(DATASHEET!I164=0,"",DATASHEET!I164) -> 42116 | K163: =IF(DATASHEET!J164=0,"",DATASHEET!J164) | L163: =IF(DATASHEET!K164=0,"",DATASHEET!K164) | M163: =IF(DATASHEET!L164=0,"",DATASHEET!L164) | N163: =J163-G163 -> 18 | O163: =IF(M163="",$H163,M163) -> 16.51 | P163: =IF(ISERROR($H163-M163),0,ABS($H163-M163)) -> 0 | Q163: 1 | R163: =IF(K163="Y",1,0) -> 0 | S163: =IF(L163="Y",1,0) -> 0 | T163: =IF(DATASHEET!M164=0,"",DATASHEET!M164) -> 42157 | U163: =IF(DATASHEET!N164=0,"",DATASHEET!N164) | V163: =IF(DATASHEET!O164=0,"",DATASHEET!O164) -> Y | W163: =IF(DATASHEET!Q164=0,"",DATASHEET!Q164) -> 16.51 | X163: =T163-$G163 -> 59 | Y163: =W163 -> 16.51 | Z163: =IF(AND($H163-W163>0,U163="Y"),ABS($H163-W163),0) -> 0 | AA163: 1 | AB163: =IF(U163="Y",1,0) -> 0 | AC163: =IF(V163="Y",1,0) -> 1 | AD163: =IF(DATASHEET!R164=0,"",DATASHEET!R164) -> 42233 | AE163: =IF(DATASHEET!S164=0,"",DATASHEET!S164) | AF163: =IF(DATASHEET!T164=0,"",DATASHEET!T164) -> Y | AG163: =IF(DATASHEET!V164=0,"",DATASHEET!V164) | AH163: =AD163-$G163 -> 135 | AI163: =AG163 | AK163: 1 | AL163: =IF(AE163="Y",1,0) -> 0 | AM163: =IF(AF163="Y",1,0) -> 1 | AN163: =IF(DATASHEET!X164=0,"",DATASHEET!X164) | AO163: =IF(DATASHEET!Y164=0,"",DATASHEET!Y164) | AP163: =IF(DATASHEET!Z164=0,"",DATASHEET!Z164) | AQ163: =IF(DATASHEET!AA164=0,"",DATASHEET!AA164) | AR163: =IF(DATASHEET!AB164=0,"",DATASHEET!AB164) | AS163: =IF(DATASHEET!AC164=0,"",DATASHEET!AC164) | AT163: =IF(DATASHEET!AD164=0,"",DATASHEET!AD164) | AU163: =IF(DATASHEET!AE164=0,"",DATASHEET!AE164)
A164: =IF(DATASHEET!A165=0,"",DATASHEET!A165) -> CENTURY | B164: =IF(DATASHEET!B165=0,"",DATASHEET!B165) -> B | C164: =IF(DATASHEET!C165=0,"",DATASHEET!C165) -> CO-PLANTING | D164: =IF(C164="CO-PLANTING",CONCATENATE(C164," ",F164),C164) -> CO-PLANTING WRC | E164: =IF(DATASHEET!D165=0,"",DATASHEET!D165) -> 2 | F164: =IF(DATASHEET!E165=0,"",DATASHEET!E165) -> WRC | G164: =IF(DATASHEET!F165=0,"",DATASHEET!F165) -> 42098 | H164: =IF(DATASHEET!G165=0,"",DATASHEET!G165) -> 31.75 | I164: =IF(DATASHEET!H165=0,"",DATASHEET!H165) -> 3.302 | J164: =IF(DATASHEET!I165=0,"",DATASHEET!I165) -> 42116 | K164: =IF(DATASHEET!J165=0,"",DATASHEET!J165) | L164: =IF(DATASHEET!K165=0,"",DATASHEET!K165) | M164: =IF(DATASHEET!L165=0,"",DATASHEET!L165) | N164: =J164-G164 -> 18 | O164: =IF(M164="",$H164,M164) -> 31.75 | P164: =IF(ISERROR($H164-M164),0,ABS($H164-M164)) -> 0 | Q164: 1 | R164: =IF(K164="Y",1,0) -> 0 | S164: =IF(L164="Y",1,0) -> 0 | T164: =IF(DATASHEET!M165=0,"",DATASHEET!M165) -> 42157 | U164: =IF(DATASHEET!N165=0,"",DATASHEET!N165) | V164: =IF(DATASHEET!O165=0,"",DATASHEET!O165) | W164: =IF(DATASHEET!Q165=0,"",DATASHEET!Q165) -> 41.148 | X164: =T164-$G164 -> 59 | Y164: =W164 -> 41.148 | Z164: =IF(AND($H164-W164>0,U164="Y"),ABS($H164-W164),0) -> 0 | AA164: 1 | AB164: =IF(U164="Y",1,0) -> 0 | AC164: =IF(V164="Y",1,0) -> 0 | AD164: =IF(DATASHEET!R165=0,"",DATASHEET!R165) -> 42233 | AE164: =IF(DATASHEET!S165=0,"",DATASHEET!S165) | AF164: =IF(DATASHEET!T165=0,"",DATASHEET!T165) | AG164: =IF(DATASHEET!V165=0,"",DATASHEET!V165) -> 57 | AH164: =AD164-$G164 -> 135 | AI164: =AG164 -> 57 | AJ164: =IF(AND($W164-AG164>0,AE164="Y"),ABS($W164-AG164),0) -> 0 | AK164: 1 | AL164: =IF(AE164="Y",1,0) -> 0 | AM164: =IF(AF164="Y",1,0) -> 0 | AN164: =IF(DATASHEET!X165=0,"",DATASHEET!X165) | AO164: =IF(DATASHEET!Y165=0,"",DATASHEET!Y165) | AP164: =IF(DATASHEET!Z165=0,"",DATASHEET!Z165) | AQ164: =IF(DATASHEET!AA165=0,"",DATASHEET!AA165) | AR164: =IF(DATASHEET!AB165=0,"",DATASHEET!AB165) | AS164: =IF(DATASHEET!AC165=0,"",DATASHEET!AC165) | AT164: =IF(DATASHEET!AD165=0,"",DATASHEET!AD165) | AU164: =IF(DATASHEET!AE165=0,"",DATASHEET!AE165)
A165: =IF(DATASHEET!A166=0,"",DATASHEET!A166) -> CENTURY | B165: =IF(DATASHEET!B166=0,"",DATASHEET!B166) -> B | C165: =IF(DATASHEET!C166=0,"",DATASHEET!C166) -> CO-PLANTING | D165: =IF(C165="CO-PLANTING",CONCATENATE(C165," ",F165),C165) -> CO-PLANTING WRC | E165: =IF(DATASHEET!D166=0,"",DATASHEET!D166) -> 3 | F165: =IF(DATASHEET!E166=0,"",DATASHEET!E166) -> WRC | G165: =IF(DATASHEET!F166=0,"",DATASHEET!F166) -> 42098 | H165: =IF(DATASHEET!G166=0,"",DATASHEET!G166) -> 24.13 | I165: =IF(DATASHEET!H166=0,"",DATASHEET!H166) -> 4.064 | J165: =IF(DATASHEET!I166=0,"",DATASHEET!I166) -> 42116 | K165: =IF(DATASHEET!J166=0,"",DATASHEET!J166) | L165: =IF(DATASHEET!K166=0,"",DATASHEET!K166) | M165: =IF(DATASHEET!L166=0,"",DATASHEET!L166) | N165: =J165-G165 -> 18 | O165: =IF(M165="",$H165,M165) -> 24.13 | P165: =IF(ISERROR($H165-M165),0,ABS($H165-M165)) -> 0 | Q165: 1 | R165: =IF(K165="Y",1,0) -> 0 | S165: =IF(L165="Y",1,0) -> 0 | T165: =IF(DATASHEET!M166=0,"",DATASHEET!M166) -> 42157 | U165: =IF(DATASHEET!N166=0,"",DATASHEET!N166) | V165: =IF(DATASHEET!O166=0,"",DATASHEET!O166) | W165: =IF(DATASHEET!Q166=0,"",DATASHEET!Q166) -> 30.734 | X165: =T165-$G165 -> 59 | Y165: =W165 -> 30.734 | Z165: =IF(AND($H165-W165>0,U165="Y"),ABS($H165-W165),0) -> 0 | AA165: 1 | AB165: =IF(U165="Y",1,0) -> 0 | AC165: =IF(V165="Y",1,0) -> 0 | AD165: =IF(DATASHEET!R166=0,"",DATASHEET!R166) -> 42233 | AE165: =IF(DATASHEET!S166=0,"",DATASHEET!S166) | AF165: =IF(DATASHEET!T166=0,"",DATASHEET!T166) | AG165: =IF(DATASHEET!V166=0,"",DATASHEET!V166) -> 36 | AH165: =AD165-$G165 -> 135 | AI165: =AG165 -> 36 | AJ165: =IF(AND($W165-AG165>0,AE165="Y"),ABS($W165-AG165),0) -> 0 | AK165: 1 | AL165: =IF(AE165="Y",1,0) -> 0 | AM165: =IF(AF165="Y",1,0) -> 0 | AN165: =IF(DATASHEET!X166=0,"",DATASHEET!X166) | AO165: =IF(DATASHEET!Y166=0,"",DATASHEET!Y166) | AP165: =IF(DATASHEET!Z166=0,"",DATASHEET!Z166) | AQ165: =IF(DATASHEET!AA166=0,"",DATASHEET!AA166) | AR165: =IF(DATASHEET!AB166=0,"",DATASHEET!AB166) | AS165: =IF(DATASHEET!AC166=0,"",DATASHEET!AC166) | AT165: =IF(DATASHEET!AD166=0,"",DATASHEET!AD166) | AU165: =IF(DATASHEET!AE166=0,"",DATASHEET!AE166)
A166: =IF(DATASHEET!A167=0,"",DATASHEET!A167) -> CENTURY | B166: =IF(DATASHEET!B167=0,"",DATASHEET!B167) -> B | C166: =IF(DATASHEET!C167=0,"",DATASHEET!C167) -> CO-PLANTING | D166: =IF(C166="CO-PLANTING",CONCATENATE(C166," ",F166),C166) -> CO-PLANTING WRC | E166: =IF(DATASHEET!D167=0,"",DATASHEET!D167) -> 4 | F166: =IF(DATASHEET!E167=0,"",DATASHEET!E167) -> WRC | G166: =IF(DATASHEET!F167=0,"",DATASHEET!F167) -> 42098 | H166: =IF(DATASHEET!G167=0,"",DATASHEET!G167) -> 18.796 | I166: =IF(DATASHEET!H167=0,"",DATASHEET!H167) -> 2.286 | J166: =IF(DATASHEET!I167=0,"",DATASHEET!I167) -> 42116 | K166: =IF(DATASHEET!J167=0,"",DATASHEET!J167) | L166: =IF(DATASHEET!K167=0,"",DATASHEET!K167) | M166: =IF(DATASHEET!L167=0,"",DATASHEET!L167) | N166: =J166-G166 -> 18 | O166: =IF(M166="",$H166,M166) -> 18.796 | P166: =IF(ISERROR($H166-M166),0,ABS($H166-M166)) -> 0 | Q166: 1 | R166: =IF(K166="Y",1,0) -> 0 | S166: =IF(L166="Y",1,0) -> 0 | T166: =IF(DATASHEET!M167=0,"",DATASHEET!M167) -> 42157 | U166: =IF(DATASHEET!N167=0,"",DATASHEET!N167) | V166: =IF(DATASHEET!O167=0,"",DATASHEET!O167) | W166: =IF(DATASHEET!Q167=0,"",DATASHEET!Q167) -> 19.05 | X166: =T166-$G166 -> 59 | Y166: =W166 -> 19.05 | Z166: =IF(AND($H166-W166>0,U166="Y"),ABS($H166-W166),0) -> 0 | AA166: 1 | AB166: =IF(U166="Y",1,0) -> 0 | AC166: =IF(V166="Y",1,0) -> 0 | AD166: =IF(DATASHEET!R167=0,"",DATASHEET!R167) -> 42233 | AE166: =IF(DATASHEET!S167=0,"",DATASHEET!S167) | AF166: =IF(DATASHEET!T167=0,"",DATASHEET!T167) | AG166: =IF(DATASHEET!V167=0,"",DATASHEET!V167) -> 21 | AH166: =AD166-$G166 -> 135 | AI166: =AG166 -> 21 | AJ166: =IF(AND($W166-AG166>0,AE166="Y"),ABS($W166-AG166),0) -> 0 | AK166: 1 | AL166: =IF(AE166="Y",1,0) -> 0 | AM166: =IF(AF166="Y",1,0) -> 0 | AN166: =IF(DATASHEET!X167=0,"",DATASHEET!X167) | AO166: =IF(DATASHEET!Y167=0,"",DATASHEET!Y167) | AP166: =IF(DATASHEET!Z167=0,"",DATASHEET!Z167) | AQ166: =IF(DATASHEET!AA167=0,"",DATASHEET!AA167) | AR166: =IF(DATASHEET!AB167=0,"",DATASHEET!AB167) | AS166: =IF(DATASHEET!AC167=0,"",DATASHEET!AC167) | AT166: =IF(DATASHEET!AD167=0,"",DATASHEET!AD167) | AU166: =IF(DATASHEET!AE167=0,"",DATASHEET!AE167)
A167: =IF(DATASHEET!A168=0,"",DATASHEET!A168) -> CENTURY | B167: =IF(DATASHEET!B168=0,"",DATASHEET!B168) -> B | C167: =IF(DATASHEET!C168=0,"",DATASHEET!C168) -> CO-PLANTING | D167: =IF(C167="CO-PLANTING",CONCATENATE(C167," ",F167),C167) -> CO-PLANTING WRC | E167: =IF(DATASHEET!D168=0,"",DATASHEET!D168) -> 5 | F167: =IF(DATASHEET!E168=0,"",DATASHEET!E168) -> WRC | G167: =IF(DATASHEET!F168=0,"",DATASHEET!F168) -> 42098 | H167: =IF(DATASHEET!G168=0,"",DATASHEET!G168) -> 17.018 | I167: =IF(DATASHEET!H168=0,"",DATASHEET!H168) -> 1.778 | J167: =IF(DATASHEET!I168=0,"",DATASHEET!I168) -> 42116 | K167: =IF(DATASHEET!J168=0,"",DATASHEET!J168) -> Y | L167: =IF(DATASHEET!K168=0,"",DATASHEET!K168) | M167: =IF(DATASHEET!L168=0,"",DATASHEET!L168) -> 10.16 | N167: =J167-G167 -> 18 | O167: =IF(M167="",$H167,M167) -> 10.16 | P167: =IF(ISERROR($H167-M167),0,ABS($H167-M167)) -> 6.858 | Q167: 1 | R167: =IF(K167="Y",1,0) -> 1 | S167: =IF(L167="Y",1,0) -> 0 | T167: =IF(DATASHEET!M168=0,"",DATASHEET!M168) -> 42157 | U167: =IF(DATASHEET!N168=0,"",DATASHEET!N168) -> Y | V167: =IF(DATASHEET!O168=0,"",DATASHEET!O168) | W167: =IF(DATASHEET!Q168=0,"",DATASHEET!Q168) -> 14.224 | X167: =T167-$G167 -> 59 | Y167: =W167 -> 14.224 | Z167: =IF(AND($H167-W167>0,U167="Y"),ABS($H167-W167),0) -> 2.794 | AA167: 1 | AB167: =IF(U167="Y",1,0) -> 1 | AC167: =IF(V167="Y",1,0) -> 0 | AD167: =IF(DATASHEET!R168=0,"",DATASHEET!R168) -> 42233 | AE167: =IF(DATASHEET!S168=0,"",DATASHEET!S168) -> Y | AF167: =IF(DATASHEET!T168=0,"",DATASHEET!T168) | AG167: =IF(DATASHEET!V168=0,"",DATASHEET!V168) -> 15 | AH167: =AD167-$G167 -> 135 | AI167: =AG167 -> 15 | AJ167: =IF(AND($W167-AG167>0,AE167="Y"),ABS($W167-AG167),0) -> 0 | AK167: 1 | AL167: =IF(AE167="Y",1,0) -> 1 | AM167: =IF(AF167="Y",1,0) -> 0 | AN167: =IF(DATASHEET!X168=0,"",DATASHEET!X168) | AO167: =IF(DATASHEET!Y168=0,"",DATASHEET!Y168) | AP167: =IF(DATASHEET!Z168=0,"",DATASHEET!Z168) | AQ167: =IF(DATASHEET!AA168=0,"",DATASHEET!AA168) | AR167: =IF(DATASHEET!AB168=0,"",DATASHEET!AB168) | AS167: =IF(DATASHEET!AC168=0,"",DATASHEET!AC168) | AT167: =IF(DATASHEET!AD168=0,"",DATASHEET!AD168) | AU167: =IF(DATASHEET!AE168=0,"",DATASHEET!AE168)
A168: =IF(DATASHEET!A169=0,"",DATASHEET!A169) -> CENTURY | B168: =IF(DATASHEET!B169=0,"",DATASHEET!B169) -> B | C168: =IF(DATASHEET!C169=0,"",DATASHEET!C169) -> CO-PLANTING | D168: =IF(C168="CO-PLANTING",CONCATENATE(C168," ",F168),C168) -> CO-PLANTING WRC | E168: =IF(DATASHEET!D169=0,"",DATASHEET!D169) -> 6 | F168: =IF(DATASHEET!E169=0,"",DATASHEET!E169) -> WRC | G168: =IF(DATASHEET!F169=0,"",DATASHEET!F169) -> 42098 | H168: =IF(DATASHEET!G169=0,"",DATASHEET!G169) -> 25.4 | I168: =IF(DATASHEET!H169=0,"",DATASHEET!H169) -> 3.048 | J168: =IF(DATASHEET!I169=0,"",DATASHEET!I169) -> 42116 | K168: =IF(DATASHEET!J169=0,"",DATASHEET!J169) -> Y | L168: =IF(DATASHEET!K169=0,"",DATASHEET!K169) | M168: =IF(DATASHEET!L169=0,"",DATASHEET!L169) -> 14.224 | N168: =J168-G168 -> 18 | O168: =IF(M168="",$H168,M168) -> 14.224 | P168: =IF(ISERROR($H168-M168),0,ABS($H168-M168)) -> 11.176 | Q168: 1 | R168: =IF(K168="Y",1,0) -> 1 | S168: =IF(L168="Y",1,0) -> 0 | T168: =IF(DATASHEET!M169=0,"",DATASHEET!M169) -> 42157 | U168: =IF(DATASHEET!N169=0,"",DATASHEET!N169) -> Y | V168: =IF(DATASHEET!O169=0,"",DATASHEET!O169) | W168: =IF(DATASHEET!Q169=0,"",DATASHEET!Q169) -> 16.764 | X168: =T168-$G168 -> 59 | Y168: =W168 -> 16.764 | Z168: =IF(AND($H168-W168>0,U168="Y"),ABS($H168-W168),0) -> 8.636 | AA168: 1 | AB168: =IF(U168="Y",1,0) -> 1 | AC168: =IF(V168="Y",1,0) -> 0 | AD168: =IF(DATASHEET!R169=0,"",DATASHEET!R169) -> 42233 | AE168: =IF(DATASHEET!S169=0,"",DATASHEET!S169) -> Y | AF168: =IF(DATASHEET!T169=0,"",DATASHEET!T169) | AG168: =IF(DATASHEET!V169=0,"",DATASHEET!V169) -> 20 | AH168: =AD168-$G168 -> 135 | AI168: =AG168 -> 20 | AJ168: =IF(AND($W168-AG168>0,AE168="Y"),ABS($W168-AG168),0) -> 0 | AK168: 1 | AL168: =IF(AE168="Y",1,0) -> 1 | AM168: =IF(AF168="Y",1,0) -> 0 | AN168: =IF(DATASHEET!X169=0,"",DATASHEET!X169) | AO168: =IF(DATASHEET!Y169=0,"",DATASHEET!Y169) | AP168: =IF(DATASHEET!Z169=0,"",DATASHEET!Z169) | AQ168: =IF(DATASHEET!AA169=0,"",DATASHEET!AA169) | AR168: =IF(DATASHEET!AB169=0,"",DATASHEET!AB169) | AS168: =IF(DATASHEET!AC169=0,"",DATASHEET!AC169) | AT168: =IF(DATASHEET!AD169=0,"",DATASHEET!AD169) | AU168: =IF(DATASHEET!AE169=0,"",DATASHEET!AE169)
A169: =IF(DATASHEET!A170=0,"",DATASHEET!A170) -> CENTURY | B169: =IF(DATASHEET!B170=0,"",DATASHEET!B170) -> B | C169: =IF(DATASHEET!C170=0,"",DATASHEET!C170) -> CO-PLANTING | D169: =IF(C169="CO-PLANTING",CONCATENATE(C169," ",F169),C169) -> CO-PLANTING WRC | E169: =IF(DATASHEET!D170=0,"",DATASHEET!D170) -> 7 | F169: =IF(DATASHEET!E170=0,"",DATASHEET!E170) -> WRC | G169: =IF(DATASHEET!F170=0,"",DATASHEET!F170) -> 42098 | H169: =IF(DATASHEET!G170=0,"",DATASHEET!G170) -> 26.416 | I169: =IF(DATASHEET!H170=0,"",DATASHEET!H170) -> 3.302 | J169: =IF(DATASHEET!I170=0,"",DATASHEET!I170) -> 42116 | K169: =IF(DATASHEET!J170=0,"",DATASHEET!J170) | L169: =IF(DATASHEET!K170=0,"",DATASHEET!K170) | M169: =IF(DATASHEET!L170=0,"",DATASHEET!L170) | N169: =J169-G169 -> 18 | O169: =IF(M169="",$H169,M169) -> 26.416 | P169: =IF(ISERROR($H169-M169),0,ABS($H169-M169)) -> 0 | Q169: 1 | R169: =IF(K169="Y",1,0) -> 0 | S169: =IF(L169="Y",1,0) -> 0 | T169: =IF(DATASHEET!M170=0,"",DATASHEET!M170) -> 42157 | U169: =IF(DATASHEET!N170=0,"",DATASHEET!N170) | V169: =IF(DATASHEET!O170=0,"",DATASHEET!O170) | W169: =IF(DATASHEET!Q170=0,"",DATASHEET!Q170) -> 29.718 | X169: =T169-$G169 -> 59 | Y169: =W169 -> 29.718 | Z169: =IF(AND($H169-W169>0,U169="Y"),ABS($H169-W169),0) -> 0 | AA169: 1 | AB169: =IF(U169="Y",1,0) -> 0 | AC169: =IF(V169="Y",1,0) -> 0 | AD169: =IF(DATASHEET!R170=0,"",DATASHEET!R170) -> 42233 | AE169: =IF(DATASHEET!S170=0,"",DATASHEET!S170) | AF169: =IF(DATASHEET!T170=0,"",DATASHEET!T170) | AG169: =IF(DATASHEET!V170=0,"",DATASHEET!V170) -> 32 | AH169: =AD169-$G169 -> 135 | AI169: =AG169 -> 32 | AJ169: =IF(AND($W169-AG169>0,AE169="Y"),ABS($W169-AG169),0) -> 0 | AK169: 1 | AL169: =IF(AE169="Y",1,0) -> 0 | AM169: =IF(AF169="Y",1,0) -> 0 | AN169: =IF(DATASHEET!X170=0,"",DATASHEET!X170) | AO169: =IF(DATASHEET!Y170=0,"",DATASHEET!Y170) | AP169: =IF(DATASHEET!Z170=0,"",DATASHEET!Z170) | AQ169: =IF(DATASHEET!AA170=0,"",DATASHEET!AA170) | AR169: =IF(DATASHEET!AB170=0,"",DATASHEET!AB170) | AS169: =IF(DATASHEET!AC170=0,"",DATASHEET!AC170) | AT169: =IF(DATASHEET!AD170=0,"",DATASHEET!AD170) | AU169: =IF(DATASHEET!AE170=0,"",DATASHEET!AE170)
A170: =IF(DATASHEET!A171=0,"",DATASHEET!A171) -> CENTURY | B170: =IF(DATASHEET!B171=0,"",DATASHEET!B171) -> B | C170: =IF(DATASHEET!C171=0,"",DATASHEET!C171) -> CO-PLANTING | D170: =IF(C170="CO-PLANTING",CONCATENATE(C170," ",F170),C170) -> CO-PLANTING WRC | E170: =IF(DATASHEET!D171=0,"",DATASHEET!D171) -> 8 | F170: =IF(DATASHEET!E171=0,"",DATASHEET!E171) -> WRC | G170: =IF(DATASHEET!F171=0,"",DATASHEET!F171) -> 42098 | H170: =IF(DATASHEET!G171=0,"",DATASHEET!G171) -> 44.958 | I170: =IF(DATASHEET!H171=0,"",DATASHEET!H171) -> 3.556 | J170: =IF(DATASHEET!I171=0,"",DATASHEET!I171) -> 42116 | K170: =IF(DATASHEET!J171=0,"",DATASHEET!J171) | L170: =IF(DATASHEET!K171=0,"",DATASHEET!K171) | M170: =IF(DATASHEET!L171=0,"",DATASHEET!L171) | N170: =J170-G170 -> 18 | O170: =IF(M170="",$H170,M170) -> 44.958 | P170: =IF(ISERROR($H170-M170),0,ABS($H170-M170)) -> 0 | Q170: 1 | R170: =IF(K170="Y",1,0) -> 0 | S170: =IF(L170="Y",1,0) -> 0 | T170: =IF(DATASHEET!M171=0,"",DATASHEET!M171) -> 42157 | U170: =IF(DATASHEET!N171=0,"",DATASHEET!N171) -> Y | V170: =IF(DATASHEET!O171=0,"",DATASHEET!O171) | W170: =IF(DATASHEET!Q171=0,"",DATASHEET!Q171) -> 36.322 | X170: =T170-$G170 -> 59 | Y170: =W170 -> 36.322 | Z170: =IF(AND($H170-W170>0,U170="Y"),ABS($H170-W170),0) -> 8.636 | AA170: 1 | AB170: =IF(U170="Y",1,0) -> 1 | AC170: =IF(V170="Y",1,0) -> 0 | AD170: =IF(DATASHEET!R171=0,"",DATASHEET!R171) -> 42233 | AE170: =IF(DATASHEET!S171=0,"",DATASHEET!S171) -> Y | AF170: =IF(DATASHEET!T171=0,"",DATASHEET!T171) | AG170: =IF(DATASHEET!V171=0,"",DATASHEET!V171) -> 38 | AH170: =AD170-$G170 -> 135 | AI170: =AG170 -> 38 | AJ170: =IF(AND($W170-AG170>0,AE170="Y"),ABS($W170-AG170),0) -> 0 | AK170: 1 | AL170: =IF(AE170="Y",1,0) -> 1 | AM170: =IF(AF170="Y",1,0) -> 0 | AN170: =IF(DATASHEET!X171=0,"",DATASHEET!X171) | AO170: =IF(DATASHEET!Y171=0,"",DATASHEET!Y171) | AP170: =IF(DATASHEET!Z171=0,"",DATASHEET!Z171) | AQ170: =IF(DATASHEET!AA171=0,"",DATASHEET!AA171) | AR170: =IF(DATASHEET!AB171=0,"",DATASHEET!AB171) | AS170: =IF(DATASHEET!AC171=0,"",DATASHEET!AC171) | AT170: =IF(DATASHEET!AD171=0,"",DATASHEET!AD171) | AU170: =IF(DATASHEET!AE171=0,"",DATASHEET!AE171)
A171: =IF(DATASHEET!A172=0,"",DATASHEET!A172) -> CENTURY | B171: =IF(DATASHEET!B172=0,"",DATASHEET!B172) -> B | C171: =IF(DATASHEET!C172=0,"",DATASHEET!C172) -> CO-PLANTING | D171: =IF(C171="CO-PLANTING",CONCATENATE(C171," ",F171),C171) -> CO-PLANTING WRC | E171: =IF(DATASHEET!D172=0,"",DATASHEET!D172) -> 9 | F171: =IF(DATASHEET!E172=0,"",DATASHEET!E172) -> WRC | G171: =IF(DATASHEET!F172=0,"",DATASHEET!F172) -> 42098 | H171: =IF(DATASHEET!G172=0,"",DATASHEET!G172) -> 31.496 | I171: =IF(DATASHEET!H172=0,"",DATASHEET!H172) -> 3.048 | J171: =IF(DATASHEET!I172=0,"",DATASHEET!I172) -> 42116 | K171: =IF(DATASHEET!J172=0,"",DATASHEET!J172) | L171: =IF(DATASHEET!K172=0,"",DATASHEET!K172) | M171: =IF(DATASHEET!L172=0,"",DATASHEET!L172) | N171: =J171-G171 -> 18 | O171: =IF(M171="",$H171,M171) -> 31.496 | P171: =IF(ISERROR($H171-M171),0,ABS($H171-M171)) -> 0 | Q171: 1 | R171: =IF(K171="Y",1,0) -> 0 | S171: =IF(L171="Y",1,0) -> 0 | T171: =IF(DATASHEET!M172=0,"",DATASHEET!M172) -> 42157 | U171: =IF(DATASHEET!N172=0,"",DATASHEET!N172) | V171: =IF(DATASHEET!O172=0,"",DATASHEET!O172) | W171: =IF(DATASHEET!Q172=0,"",DATASHEET!Q172) -> 40.386 | X171: =T171-$G171 -> 59 | Y171: =W171 -> 40.386 | Z171: =IF(AND($H171-W171>0,U171="Y"),ABS($H171-W171),0) -> 0 | AA171: 1 | AB171: =IF(U171="Y",1,0) -> 0 | AC171: =IF(V171="Y",1,0) -> 0 | AD171: =IF(DATASHEET!R172=0,"",DATASHEET!R172) -> 42233 | AE171: =IF(DATASHEET!S172=0,"",DATASHEET!S172) -> Y | AF171: =IF(DATASHEET!T172=0,"",DATASHEET!T172) | AG171: =IF(DATASHEET!V172=0,"",DATASHEET!V172) -> 35 | AH171: =AD171-$G171 -> 135 | AI171: =AG171 -> 35 | AJ171: =IF(AND($W171-AG171>0,AE171="Y"),ABS($W171-AG171),0) -> 5.386 | AK171: 1 | AL171: =IF(AE171="Y",1,0) -> 1 | AM171: =IF(AF171="Y",1,0) -> 0 | AN171: =IF(DATASHEET!X172=0,"",DATASHEET!X172) | AO171: =IF(DATASHEET!Y172=0,"",DATASHEET!Y172) | AP171: =IF(DATASHEET!Z172=0,"",DATASHEET!Z172) | AQ171: =IF(DATASHEET!AA172=0,"",DATASHEET!AA172) | AR171: =IF(DATASHEET!AB172=0,"",DATASHEET!AB172) | AS171: =IF(DATASHEET!AC172=0,"",DATASHEET!AC172) | AT171: =IF(DATASHEET!AD172=0,"",DATASHEET!AD172) | AU171: =IF(DATASHEET!AE172=0,"",DATASHEET!AE172)
A172: =IF(DATASHEET!A173=0,"",DATASHEET!A173) -> CENTURY | B172: =IF(DATASHEET!B173=0,"",DATASHEET!B173) -> B | C172: =IF(DATASHEET!C173=0,"",DATASHEET!C173) -> CO-PLANTING | D172: =IF(C172="CO-PLANTING",CONCATENATE(C172," ",F172),C172) -> CO-PLANTING WRC | E172: =IF(DATASHEET!D173=0,"",DATASHEET!D173) -> 10 | F172: =IF(DATASHEET!E173=0,"",DATASHEET!E173) -> WRC | G172: =IF(DATASHEET!F173=0,"",DATASHEET!F173) -> 42098 | H172: =IF(DATASHEET!G173=0,"",DATASHEET!G173) -> 25.654 | I172: =IF(DATASHEET!H173=0,"",DATASHEET!H173) -> 3.302 | J172: =IF(DATASHEET!I173=0,"",DATASHEET!I173) -> 42116 | K172: =IF(DATASHEET!J173=0,"",DATASHEET!J173) | L172: =IF(DATASHEET!K173=0,"",DATASHEET!K173) | M172: =IF(DATASHEET!L173=0,"",DATASHEET!L173) | N172: =J172-G172 -> 18 | O172: =IF(M172="",$H172,M172) -> 25.654 | P172: =IF(ISERROR($H172-M172),0,ABS($H172-M172)) -> 0 | Q172: 1 | R172: =IF(K172="Y",1,0) -> 0 | S172: =IF(L172="Y",1,0) -> 0 | T172: =IF(DATASHEET!M173=0,"",DATASHEET!M173) -> 42157 | U172: =IF(DATASHEET!N173=0,"",DATASHEET!N173) | V172: =IF(DATASHEET!O173=0,"",DATASHEET!O173) | W172: =IF(DATASHEET!Q173=0,"",DATASHEET!Q173) -> 30.734 | X172: =T172-$G172 -> 59 | Y172: =W172 -> 30.734 | Z172: =IF(AND($H172-W172>0,U172="Y"),ABS($H172-W172),0) -> 0 | AA172: 1 | AB172: =IF(U172="Y",1,0) -> 0 | AC172: =IF(V172="Y",1,0) -> 0 | AD172: =IF(DATASHEET!R173=0,"",DATASHEET!R173) -> 42233 | AE172: =IF(DATASHEET!S173=0,"",DATASHEET!S173) | AF172: =IF(DATASHEET!T173=0,"",DATASHEET!T173) | AG172: =IF(DATASHEET!V173=0,"",DATASHEET!V173) -> 31 | AH172: =AD172-$G172 -> 135 | AI172: =AG172 -> 31 | AJ172: =IF(AND($W172-AG172>0,AE172="Y"),ABS($W172-AG172),0) -> 0 | AK172: 1 | AL172: =IF(AE172="Y",1,0) -> 0 | AM172: =IF(AF172="Y",1,0) -> 0 | AN172: =IF(DATASHEET!X173=0,"",DATASHEET!X173) | AO172: =IF(DATASHEET!Y173=0,"",DATASHEET!Y173) | AP172: =IF(DATASHEET!Z173=0,"",DATASHEET!Z173) | AQ172: =IF(DATASHEET!AA173=0,"",DATASHEET!AA173) | AR172: =IF(DATASHEET!AB173=0,"",DATASHEET!AB173) | AS172: =IF(DATASHEET!AC173=0,"",DATASHEET!AC173) | AT172: =IF(DATASHEET!AD173=0,"",DATASHEET!AD173) | AU172: =IF(DATASHEET!AE173=0,"",DATASHEET!AE173)
A173: =IF(DATASHEET!A174=0,"",DATASHEET!A174) -> CENTURY | B173: =IF(DATASHEET!B174=0,"",DATASHEET!B174) -> B | C173: =IF(DATASHEET!C174=0,"",DATASHEET!C174) -> CO-PLANTING | D173: =IF(C173="CO-PLANTING",CONCATENATE(C173," ",F173),C173) -> CO-PLANTING WRC | E173: =IF(DATASHEET!D174=0,"",DATASHEET!D174) -> 11 | F173: =IF(DATASHEET!E174=0,"",DATASHEET!E174) -> WRC | G173: =IF(DATASHEET!F174=0,"",DATASHEET!F174) -> 42098 | H173: =IF(DATASHEET!G174=0,"",DATASHEET!G174) -> 45.72 | I173: =IF(DATASHEET!H174=0,"",DATASHEET!H174) -> 3.81 | J173: =IF(DATASHEET!I174=0,"",DATASHEET!I174) -> 42116 | K173: =IF(DATASHEET!J174=0,"",DATASHEET!J174) | L173: =IF(DATASHEET!K174=0,"",DATASHEET!K174) | M173: =IF(DATASHEET!L174=0,"",DATASHEET!L174) | N173: =J173-G173 -> 18 | O173: =IF(M173="",$H173,M173) -> 45.72 | P173: =IF(ISERROR($H173-M173),0,ABS($H173-M173)) -> 0 | Q173: 1 | R173: =IF(K173="Y",1,0) -> 0 | S173: =IF(L173="Y",1,0) -> 0 | T173: =IF(DATASHEET!M174=0,"",DATASHEET!M174) -> 42157 | U173: =IF(DATASHEET!N174=0,"",DATASHEET!N174) | V173: =IF(DATASHEET!O174=0,"",DATASHEET!O174) | W173: =IF(DATASHEET!Q174=0,"",DATASHEET!Q174) -> 51.308 | X173: =T173-$G173 -> 59 | Y173: =W173 -> 51.308 | Z173: =IF(AND($H173-W173>0,U173="Y"),ABS($H173-W173),0) -> 0 | AA173: 1 | AB173: =IF(U173="Y",1,0) -> 0 | AC173: =IF(V173="Y",1,0) -> 0 | AD173: =IF(DATASHEET!R174=0,"",DATASHEET!R174) -> 42233 | AE173: =IF(DATASHEET!S174=0,"",DATASHEET!S174) -> Y | AF173: =IF(DATASHEET!T174=0,"",DATASHEET!T174) | AG173: =IF(DATASHEET!V174=0,"",DATASHEET!V174) -> 41 | AH173: =AD173-$G173 -> 135 | AI173: =AG173 -> 41 | AJ173: =IF(AND($W173-AG173>0,AE173="Y"),ABS($W173-AG173),0) -> 10.308 | AK173: 1 | AL173: =IF(AE173="Y",1,0) -> 1 | AM173: =IF(AF173="Y",1,0) -> 0 | AN173: =IF(DATASHEET!X174=0,"",DATASHEET!X174) | AO173: =IF(DATASHEET!Y174=0,"",DATASHEET!Y174) | AP173: =IF(DATASHEET!Z174=0,"",DATASHEET!Z174) | AQ173: =IF(DATASHEET!AA174=0,"",DATASHEET!AA174) | AR173: =IF(DATASHEET!AB174=0,"",DATASHEET!AB174) | AS173: =IF(DATASHEET!AC174=0,"",DATASHEET!AC174) | AT173: =IF(DATASHEET!AD174=0,"",DATASHEET!AD174) | AU173: =IF(DATASHEET!AE174=0,"",DATASHEET!AE174)
A174: =IF(DATASHEET!A175=0,"",DATASHEET!A175) -> CENTURY | B174: =IF(DATASHEET!B175=0,"",DATASHEET!B175) -> B | C174: =IF(DATASHEET!C175=0,"",DATASHEET!C175) -> CO-PLANTING | D174: =IF(C174="CO-PLANTING",CONCATENATE(C174," ",F174),C174) -> CO-PLANTING WRC | E174: =IF(DATASHEET!D175=0,"",DATASHEET!D175) -> 12 | F174: =IF(DATASHEET!E175=0,"",DATASHEET!E175) -> WRC | G174: =IF(DATASHEET!F175=0,"",DATASHEET!F175) -> 42098 | H174: =IF(DATASHEET!G175=0,"",DATASHEET!G175) -> 30.988 | I174: =IF(DATASHEET!H175=0,"",DATASHEET!H175) -> 2.54 | J174: =IF(DATASHEET!I175=0,"",DATASHEET!I175) -> 42116 | K174: =IF(DATASHEET!J175=0,"",DATASHEET!J175) -> Y | L174: =IF(DATASHEET!K175=0,"",DATASHEET!K175) | M174: =IF(DATASHEET!L175=0,"",DATASHEET!L175) -> 21.082 | N174: =J174-G174 -> 18 | O174: =IF(M174="",$H174,M174) -> 21.082 | P174: =IF(ISERROR($H174-M174),0,ABS($H174-M174)) -> 9.906 | Q174: 1 | R174: =IF(K174="Y",1,0) -> 1 | S174: =IF(L174="Y",1,0) -> 0 | T174: =IF(DATASHEET!M175=0,"",DATASHEET!M175) -> 42157 | U174: =IF(DATASHEET!N175=0,"",DATASHEET!N175) -> Y | V174: =IF(DATASHEET!O175=0,"",DATASHEET!O175) | W174: =IF(DATASHEET!Q175=0,"",DATASHEET!Q175) -> 22.352 | X174: =T174-$G174 -> 59 | Y174: =W174 -> 22.352 | Z174: =IF(AND($H174-W174>0,U174="Y"),ABS($H174-W174),0) -> 8.636 | AA174: 1 | AB174: =IF(U174="Y",1,0) -> 1 | AC174: =IF(V174="Y",1,0) -> 0 | AD174: =IF(DATASHEET!R175=0,"",DATASHEET!R175) -> 42233 | AE174: =IF(DATASHEET!S175=0,"",DATASHEET!S175) -> Y | AF174: =IF(DATASHEET!T175=0,"",DATASHEET!T175) | AG174: =IF(DATASHEET!V175=0,"",DATASHEET!V175) -> 26 | AH174: =AD174-$G174 -> 135 | AI174: =AG174 -> 26 | AJ174: =IF(AND($W174-AG174>0,AE174="Y"),ABS($W174-AG174),0) -> 0 | AK174: 1 | AL174: =IF(AE174="Y",1,0) -> 1 | AM174: =IF(AF174="Y",1,0) -> 0 | AN174: =IF(DATASHEET!X175=0,"",DATASHEET!X175) | AO174: =IF(DATASHEET!Y175=0,"",DATASHEET!Y175) | AP174: =IF(DATASHEET!Z175=0,"",DATASHEET!Z175) | AQ174: =IF(DATASHEET!AA175=0,"",DATASHEET!AA175) | AR174: =IF(DATASHEET!AB175=0,"",DATASHEET!AB175) | AS174: =IF(DATASHEET!AC175=0,"",DATASHEET!AC175) | AT174: =IF(DATASHEET!AD175=0,"",DATASHEET!AD175) | AU174: =IF(DATASHEET!AE175=0,"",DATASHEET!AE175)
A175: =IF(DATASHEET!A176=0,"",DATASHEET!A176) -> CENTURY | B175: =IF(DATASHEET!B176=0,"",DATASHEET!B176) -> B | C175: =IF(DATASHEET!C176=0,"",DATASHEET!C176) -> CO-PLANTING | D175: =IF(C175="CO-PLANTING",CONCATENATE(C175," ",F175),C175) -> CO-PLANTING WRC | E175: =IF(DATASHEET!D176=0,"",DATASHEET!D176) -> 13 | F175: =IF(DATASHEET!E176=0,"",DATASHEET!E176) -> WRC | G175: =IF(DATASHEET!F176=0,"",DATASHEET!F176) -> 42098 | H175: =IF(DATASHEET!G176=0,"",DATASHEET!G176) -> 24.13 | I175: =IF(DATASHEET!H176=0,"",DATASHEET!H176) -> 3.048 | J175: =IF(DATASHEET!I176=0,"",DATASHEET!I176) -> 42116 | K175: =IF(DATASHEET!J176=0,"",DATASHEET!J176) | L175: =IF(DATASHEET!K176=0,"",DATASHEET!K176) | M175: =IF(DATASHEET!L176=0,"",DATASHEET!L176) | N175: =J175-G175 -> 18 | O175: =IF(M175="",$H175,M175) -> 24.13 | P175: =IF(ISERROR($H175-M175),0,ABS($H175-M175)) -> 0 | Q175: 1 | R175: =IF(K175="Y",1,0) -> 0 | S175: =IF(L175="Y",1,0) -> 0 | T175: =IF(DATASHEET!M176=0,"",DATASHEET!M176) -> 42157 | U175: =IF(DATASHEET!N176=0,"",DATASHEET!N176) | V175: =IF(DATASHEET!O176=0,"",DATASHEET!O176) | W175: =IF(DATASHEET!Q176=0,"",DATASHEET!Q176) -> 19.304 | X175: =T175-$G175 -> 59 | Y175: =W175 -> 19.304 | Z175: =IF(AND($H175-W175>0,U175="Y"),ABS($H175-W175),0) -> 0 | AA175: 1 | AB175: =IF(U175="Y",1,0) -> 0 | AC175: =IF(V175="Y",1,0) -> 0 | AD175: =IF(DATASHEET!R176=0,"",DATASHEET!R176) -> 42233 | AE175: =IF(DATASHEET!S176=0,"",DATASHEET!S176) | AF175: =IF(DATASHEET!T176=0,"",DATASHEET!T176) | AG175: =IF(DATASHEET!V176=0,"",DATASHEET!V176) -> 28 | AH175: =AD175-$G175 -> 135 | AI175: =AG175 -> 28 | AJ175: =IF(AND($W175-AG175>0,AE175="Y"),ABS($W175-AG175),0) -> 0 | AK175: 1 | AL175: =IF(AE175="Y",1,0) -> 0 | AM175: =IF(AF175="Y",1,0) -> 0 | AN175: =IF(DATASHEET!X176=0,"",DATASHEET!X176) | AO175: =IF(DATASHEET!Y176=0,"",DATASHEET!Y176) | AP175: =IF(DATASHEET!Z176=0,"",DATASHEET!Z176) | AQ175: =IF(DATASHEET!AA176=0,"",DATASHEET!AA176) | AR175: =IF(DATASHEET!AB176=0,"",DATASHEET!AB176) | AS175: =IF(DATASHEET!AC176=0,"",DATASHEET!AC176) | AT175: =IF(DATASHEET!AD176=0,"",DATASHEET!AD176) | AU175: =IF(DATASHEET!AE176=0,"",DATASHEET!AE176)
... A213: =IF(DATASHEET!A214=0,"",DATASHEET!A214) -> CENTURY | B213: =IF(DATASHEET!B214=0,"",DATASHEET!B214) -> C | C213: =IF(DATASHEET!C214=0,"",DATASHEET!C214) -> PLANTSKYDD | D213: =IF(C213="CO-PLANTING",CONCATENATE(C213," ",F213),C213) -> PLANTSKYDD | E213: =IF(DATASHEET!D214=0,"",DATASHEET!D214) -> 11 | F213: =IF(DATASHEET!E214=0,"",DATASHEET!E214) -> WRC | G213: =IF(DATASHEET!F214=0,"",DATASHEET!F214) -> 42098 | H213: =IF(DATASHEET!G214=0,"",DATASHEET!G214) -> 19.558 | I213: =IF(DATASHEET!H214=0,"",DATASHEET!H214) -> 2.032 | J213: =IF(DATASHEET!I214=0,"",DATASHEET!I214) -> 42116 | K213: =IF(DATASHEET!J214=0,"",DATASHEET!J214) | L213: =IF(DATASHEET!K214=0,"",DATASHEET!K214) | M213: =IF(DATASHEET!L214=0,"",DATASHEET!L214) | N213: =J213-G213 -> 18 | O213: =IF(M213="",$H213,M213) -> 19.558 | P213: =IF(ISERROR($H213-M213),0,ABS($H213-M213)) -> 0 | Q213: 1 | R213: =IF(K213="Y",1,0) -> 0 | S213: =IF(L213="Y",1,0) -> 0 | T213: =IF(DATASHEET!M214=0,"",DATASHEET!M214) -> 42157 | U213: =IF(DATASHEET!N214=0,"",DATASHEET!N214) | V213: =IF(DATASHEET!O214=0,"",DATASHEET!O214) | W213: =IF(DATASHEET!Q214=0,"",DATASHEET!Q214) -> 19.812 | X213: =T213-$G213 -> 59 | Y213: =W213 -> 19.812 | Z213: =IF(AND($H213-W213>0,U213="Y"),ABS($H213-W213),0) -> 0 | AA213: 1 | AB213: =IF(U213="Y",1,0) -> 0 | AC213: =IF(V213="Y",1,0) -> 0 | AD213: =IF(DATASHEET!R214=0,"",DATASHEET!R214) -> 42233 | AE213: =IF(DATASHEET!S214=0,"",DATASHEET!S214) | AF213: =IF(DATASHEET!T214=0,"",DATASHEET!T214) | AG213: =IF(DATASHEET!V214=0,"",DATASHEET!V214) -> 23 | AH213: =AD213-$G213 -> 135 | AI213: =AG213 -> 23 | AJ213: =IF(AND($W213-AG213>0,AE213="Y"),ABS($W213-AG213),0) -> 0 | AK213: 1 | AL213: =IF(AE213="Y",1,0) -> 0 | AM213: =IF(AF213="Y",1,0) -> 0 | AN213: =IF(DATASHEET!X214=0,"",DATASHEET!X214) | AO213: =IF(DATASHEET!Y214=0,"",DATASHEET!Y214) | AP213: =IF(DATASHEET!Z214=0,"",DATASHEET!Z214) | AQ213: =IF(DATASHEET!AA214=0,"",DATASHEET!AA214) | AR213: =IF(DATASHEET!AB214=0,"",DATASHEET!AB214) | AS213: =IF(DATASHEET!AC214=0,"",DATASHEET!AC214) | AT213: =IF(DATASHEET!AD214=0,"",DATASHEET!AD214) | AU213: =IF(DATASHEET!AE214=0,"",DATASHEET!AE214)
A214: =IF(DATASHEET!A215=0,"",DATASHEET!A215) -> CENTURY | B214: =IF(DATASHEET!B215=0,"",DATASHEET!B215) -> C | C214: =IF(DATASHEET!C215=0,"",DATASHEET!C215) -> PLANTSKYDD | D214: =IF(C214="CO-PLANTING",CONCATENATE(C214," ",F214),C214) -> PLANTSKYDD | E214: =IF(DATASHEET!D215=0,"",DATASHEET!D215) -> 12 | F214: =IF(DATASHEET!E215=0,"",DATASHEET!E215) -> WRC | G214: =IF(DATASHEET!F215=0,"",DATASHEET!F215) -> 42098 | H214: =IF(DATASHEET!G215=0,"",DATASHEET!G215) -> 18.796 | I214: =IF(DATASHEET!H215=0,"",DATASHEET!H215) -> 3.302 | J214: =IF(DATASHEET!I215=0,"",DATASHEET!I215) -> 42116 | K214: =IF(DATASHEET!J215=0,"",DATASHEET!J215) | L214: =IF(DATASHEET!K215=0,"",DATASHEET!K215) | M214: =IF(DATASHEET!L215=0,"",DATASHEET!L215) | N214: =J214-G214 -> 18 | O214: =IF(M214="",$H214,M214) -> 18.796 | P214: =IF(ISERROR($H214-M214),0,ABS($H214-M214)) -> 0 | Q214: 1 | R214: =IF(K214="Y",1,0) -> 0 | S214: =IF(L214="Y",1,0) -> 0 | T214: =IF(DATASHEET!M215=0,"",DATASHEET!M215) -> 42157 | U214: =IF(DATASHEET!N215=0,"",DATASHEET!N215) | V214: =IF(DATASHEET!O215=0,"",DATASHEET!O215) -> Y | W214: =IF(DATASHEET!Q215=0,"",DATASHEET!Q215) -> 12.7 | X214: =T214-$G214 -> 59 | Y214: =W214 -> 12.7 | Z214: =IF(AND($H214-W214>0,U214="Y"),ABS($H214-W214),0) -> 0 | AA214: 1 | AB214: =IF(U214="Y",1,0) -> 0 | AC214: =IF(V214="Y",1,0) -> 1 | AD214: =IF(DATASHEET!R215=0,"",DATASHEET!R215) -> 42233 | AE214: =IF(DATASHEET!S215=0,"",DATASHEET!S215) -> Y | AF214: =IF(DATASHEET!T215=0,"",DATASHEET!T215) -> Y | AG214: =IF(DATASHEET!V215=0,"",DATASHEET!V215) | AH214: =AD214-$G214 -> 135 | AI214: =AG214 | AK214: 1 | AL214: =IF(AE214="Y",1,0) -> 1 | AM214: =IF(AF214="Y",1,0) -> 1 | AN214: =IF(DATASHEET!X215=0,"",DATASHEET!X215) | AO214: =IF(DATASHEET!Y215=0,"",DATASHEET!Y215) | AP214: =IF(DATASHEET!Z215=0,"",DATASHEET!Z215) | AQ214: =IF(DATASHEET!AA215=0,"",DATASHEET!AA215) | AR214: =IF(DATASHEET!AB215=0,"",DATASHEET!AB215) | AS214: =IF(DATASHEET!AC215=0,"",DATASHEET!AC215) | AT214: =IF(DATASHEET!AD215=0,"",DATASHEET!AD215) | AU214: =IF(DATASHEET!AE215=0,"",DATASHEET!AE215)
A215: =IF(DATASHEET!A216=0,"",DATASHEET!A216) -> CENTURY | B215: =IF(DATASHEET!B216=0,"",DATASHEET!B216) -> C | C215: =IF(DATASHEET!C216=0,"",DATASHEET!C216) -> PLANTSKYDD | D215: =IF(C215="CO-PLANTING",CONCATENATE(C215," ",F215),C215) -> PLANTSKYDD | E215: =IF(DATASHEET!D216=0,"",DATASHEET!D216) -> 13 | F215: =IF(DATASHEET!E216=0,"",DATASHEET!E216) -> WRC | G215: =IF(DATASHEET!F216=0,"",DATASHEET!F216) -> 42098 | H215: =IF(DATASHEET!G216=0,"",DATASHEET!G216) -> 33.02 | I215: =IF(DATASHEET!H216=0,"",DATASHEET!H216) -> 3.81 | J215: =IF(DATASHEET!I216=0,"",DATASHEET!I216) -> 42116 | K215: =IF(DATASHEET!J216=0,"",DATASHEET!J216) | L215: =IF(DATASHEET!K216=0,"",DATASHEET!K216) | M215: =IF(DATASHEET!L216=0,"",DATASHEET!L216) | N215: =J215-G215 -> 18 | O215: =IF(M215="",$H215,M215) -> 33.02 | P215: =IF(ISERROR($H215-M215),0,ABS($H215-M215)) -> 0 | Q215: 1 | R215: =IF(K215="Y",1,0) -> 0 | S215: =IF(L215="Y",1,0) -> 0 | T215: =IF(DATASHEET!M216=0,"",DATASHEET!M216) -> 42157 | U215: =IF(DATASHEET!N216=0,"",DATASHEET!N216) | V215: =IF(DATASHEET!O216=0,"",DATASHEET!O216) | W215: =IF(DATASHEET!Q216=0,"",DATASHEET!Q216) -> 31.75 | X215: =T215-$G215 -> 59 | Y215: =W215 -> 31.75 | Z215: =IF(AND($H215-W215>0,U215="Y"),ABS($H215-W215),0) -> 0 | AA215: 1 | AB215: =IF(U215="Y",1,0) -> 0 | AC215: =IF(V215="Y",1,0) -> 0 | AD215: =IF(DATASHEET!R216=0,"",DATASHEET!R216) -> 42233 | AE215: =IF(DATASHEET!S216=0,"",DATASHEET!S216) -> Y | AF215: =IF(DATASHEET!T216=0,"",DATASHEET!T216) | AG215: =IF(DATASHEET!V216=0,"",DATASHEET!V216) -> 36 | AH215: =AD215-$G215 -> 135 | AI215: =AG215 -> 36 | AJ215: =IF(AND($W215-AG215>0,AE215="Y"),ABS($W215-AG215),0) -> 0 | AK215: 1 | AL215: =IF(AE215="Y",1,0) -> 1 | AM215: =IF(AF215="Y",1,0) -> 0 | AN215: =IF(DATASHEET!X216=0,"",DATASHEET!X216) | AO215: =IF(DATASHEET!Y216=0,"",DATASHEET!Y216) | AP215: =IF(DATASHEET!Z216=0,"",DATASHEET!Z216) | AQ215: =IF(DATASHEET!AA216=0,"",DATASHEET!AA216) | AR215: =IF(DATASHEET!AB216=0,"",DATASHEET!AB216) | AS215: =IF(DATASHEET!AC216=0,"",DATASHEET!AC216) | AT215: =IF(DATASHEET!AD216=0,"",DATASHEET!AD216) | AU215: =IF(DATASHEET!AE216=0,"",DATASHEET!AE216)
A216: =IF(DATASHEET!A217=0,"",DATASHEET!A217) -> CENTURY | B216: =IF(DATASHEET!B217=0,"",DATASHEET!B217) -> C | C216: =IF(DATASHEET!C217=0,"",DATASHEET!C217) -> PLANTSKYDD | D216: =IF(C216="CO-PLANTING",CONCATENATE(C216," ",F216),C216) -> PLANTSKYDD | E216: =IF(DATASHEET!D217=0,"",DATASHEET!D217) -> 14 | F216: =IF(DATASHEET!E217=0,"",DATASHEET!E217) -> WRC | G216: =IF(DATASHEET!F217=0,"",DATASHEET!F217) -> 42098 | H216: =IF(DATASHEET!G217=0,"",DATASHEET!G217) -> 16.256 | I216: =IF(DATASHEET!H217=0,"",DATASHEET!H217) -> 2.794 | J216: =IF(DATASHEET!I217=0,"",DATASHEET!I217) -> 42116 | K216: =IF(DATASHEET!J217=0,"",DATASHEET!J217) | L216: =IF(DATASHEET!K217=0,"",DATASHEET!K217) | M216: =IF(DATASHEET!L217=0,"",DATASHEET!L217) | N216: =J216-G216 -> 18 | O216: =IF(M216="",$H216,M216) -> 16.256 | P216: =IF(ISERROR($H216-M216),0,ABS($H216-M216)) -> 0 | Q216: 1 | R216: =IF(K216="Y",1,0) -> 0 | S216: =IF(L216="Y",1,0) -> 0 | T216: =IF(DATASHEET!M217=0,"",DATASHEET!M217) -> 42157 | U216: =IF(DATASHEET!N217=0,"",DATASHEET!N217) | V216: =IF(DATASHEET!O217=0,"",DATASHEET!O217) | W216: =IF(DATASHEET!Q217=0,"",DATASHEET!Q217) -> 20.32 | X216: =T216-$G216 -> 59 | Y216: =W216 -> 20.32 | Z216: =IF(AND($H216-W216>0,U216="Y"),ABS($H216-W216),0) -> 0 | AA216: 1 | AB216: =IF(U216="Y",1,0) -> 0 | AC216: =IF(V216="Y",1,0) -> 0 | AD216: =IF(DATASHEET!R217=0,"",DATASHEET!R217) -> 42233 | AE216: =IF(DATASHEET!S217=0,"",DATASHEET!S217) | AF216: =IF(DATASHEET!T217=0,"",DATASHEET!T217) | AG216: =IF(DATASHEET!V217=0,"",DATASHEET!V217) -> 24 | AH216: =AD216-$G216 -> 135 | AI216: =AG216 -> 24 | AJ216: =IF(AND($W216-AG216>0,AE216="Y"),ABS($W216-AG216),0) -> 0 | AK216: 1 | AL216: =IF(AE216="Y",1,0) -> 0 | AM216: =IF(AF216="Y",1,0) -> 0 | AN216: =IF(DATASHEET!X217=0,"",DATASHEET!X217) | AO216: =IF(DATASHEET!Y217=0,"",DATASHEET!Y217) | AP216: =IF(DATASHEET!Z217=0,"",DATASHEET!Z217) | AQ216: =IF(DATASHEET!AA217=0,"",DATASHEET!AA217) | AR216: =IF(DATASHEET!AB217=0,"",DATASHEET!AB217) | AS216: =IF(DATASHEET!AC217=0,"",DATASHEET!AC217) | AT216: =IF(DATASHEET!AD217=0,"",DATASHEET!AD217) | AU216: =IF(DATASHEET!AE217=0,"",DATASHEET!AE217)
A217: =IF(DATASHEET!A218=0,"",DATASHEET!A218) -> CENTURY | B217: =IF(DATASHEET!B218=0,"",DATASHEET!B218) -> C | C217: =IF(DATASHEET!C218=0,"",DATASHEET!C218) -> PLANTSKYDD | D217: =IF(C217="CO-PLANTING",CONCATENATE(C217," ",F217),C217) -> PLANTSKYDD | E217: =IF(DATASHEET!D218=0,"",DATASHEET!D218) -> 15 | F217: =IF(DATASHEET!E218=0,"",DATASHEET!E218) -> WRC | G217: =IF(DATASHEET!F218=0,"",DATASHEET!F218) -> 42098 | H217: =IF(DATASHEET!G218=0,"",DATASHEET!G218) -> 21.59 | I217: =IF(DATASHEET!H218=0,"",DATASHEET!H218) -> 4.572 | J217: =IF(DATASHEET!I218=0,"",DATASHEET!I218) -> 42116 | K217: =IF(DATASHEET!J218=0,"",DATASHEET!J218) | L217: =IF(DATASHEET!K218=0,"",DATASHEET!K218) | M217: =IF(DATASHEET!L218=0,"",DATASHEET!L218) | N217: =J217-G217 -> 18 | O217: =IF(M217="",$H217,M217) -> 21.59 | P217: =IF(ISERROR($H217-M217),0,ABS($H217-M217)) -> 0 | Q217: 1 | R217: =IF(K217="Y",1,0) -> 0 | S217: =IF(L217="Y",1,0) -> 0 | T217: =IF(DATASHEET!M218=0,"",DATASHEET!M218) -> 42157 | U217: =IF(DATASHEET!N218=0,"",DATASHEET!N218) | V217: =IF(DATASHEET!O218=0,"",DATASHEET!O218) | W217: =IF(DATASHEET!Q218=0,"",DATASHEET!Q218) -> 24.892 | X217: =T217-$G217 -> 59 | Y217: =W217 -> 24.892 | Z217: =IF(AND($H217-W217>0,U217="Y"),ABS($H217-W217),0) -> 0 | AA217: 1 | AB217: =IF(U217="Y",1,0) -> 0 | AC217: =IF(V217="Y",1,0) -> 0 | AD217: =IF(DATASHEET!R218=0,"",DATASHEET!R218) -> 42233 | AE217: =IF(DATASHEET!S218=0,"",DATASHEET!S218) | AF217: =IF(DATASHEET!T218=0,"",DATASHEET!T218) | AG217: =IF(DATASHEET!V218=0,"",DATASHEET!V218) -> 27 | AH217: =AD217-$G217 -> 135 | AI217: =AG217 -> 27 | AJ217: =IF(AND($W217-AG217>0,AE217="Y"),ABS($W217-AG217),0) -> 0 | AK217: 1 | AL217: =IF(AE217="Y",1,0) -> 0 | AM217: =IF(AF217="Y",1,0) -> 0 | AN217: =IF(DATASHEET!X218=0,"",DATASHEET!X218) | AO217: =IF(DATASHEET!Y218=0,"",DATASHEET!Y218) | AP217: =IF(DATASHEET!Z218=0,"",DATASHEET!Z218) | AQ217: =IF(DATASHEET!AA218=0,"",DATASHEET!AA218) | AR217: =IF(DATASHEET!AB218=0,"",DATASHEET!AB218) | AS217: =IF(DATASHEET!AC218=0,"",DATASHEET!AC218) | AT217: =IF(DATASHEET!AD218=0,"",DATASHEET!AD218) | AU217: =IF(DATASHEET!AE218=0,"",DATASHEET!AE218)
A218: =IF(DATASHEET!A219=0,"",DATASHEET!A219) -> CENTURY | B218: =IF(DATASHEET!B219=0,"",DATASHEET!B219) -> C | C218: =IF(DATASHEET!C219=0,"",DATASHEET!C219) -> PLANTSKYDD | D218: =IF(C218="CO-PLANTING",CONCATENATE(C218," ",F218),C218) -> PLANTSKYDD | E218: =IF(DATASHEET!D219=0,"",DATASHEET!D219) -> 16 | F218: =IF(DATASHEET!E219=0,"",DATASHEET!E219) -> WRC | G218: =IF(DATASHEET!F219=0,"",DATASHEET!F219) -> 42098 | H218: =IF(DATASHEET!G219=0,"",DATASHEET!G219) -> 26.416 | I218: =IF(DATASHEET!H219=0,"",DATASHEET!H219) -> 3.048 | J218: =IF(DATASHEET!I219=0,"",DATASHEET!I219) -> 42116 | K218: =IF(DATASHEET!J219=0,"",DATASHEET!J219) | L218: =IF(DATASHEET!K219=0,"",DATASHEET!K219) | M218: =IF(DATASHEET!L219=0,"",DATASHEET!L219) | N218: =J218-G218 -> 18 | O218: =IF(M218="",$H218,M218) -> 26.416 | P218: =IF(ISERROR($H218-M218),0,ABS($H218-M218)) -> 0 | Q218: 1 | R218: =IF(K218="Y",1,0) -> 0 | S218: =IF(L218="Y",1,0) -> 0 | T218: =IF(DATASHEET!M219=0,"",DATASHEET!M219) -> 42157 | U218: =IF(DATASHEET!N219=0,"",DATASHEET!N219) | V218: =IF(DATASHEET!O219=0,"",DATASHEET!O219) | W218: =IF(DATASHEET!Q219=0,"",DATASHEET!Q219) -> 32.512 | X218: =T218-$G218 -> 59 | Y218: =W218 -> 32.512 | Z218: =IF(AND($H218-W218>0,U218="Y"),ABS($H218-W218),0) -> 0 | AA218: 1 | AB218: =IF(U218="Y",1,0) -> 0 | AC218: =IF(V218="Y",1,0) -> 0 | AD218: =IF(DATASHEET!R219=0,"",DATASHEET!R219) -> 42233 | AE218: =IF(DATASHEET!S219=0,"",DATASHEET!S219) | AF218: =IF(DATASHEET!T219=0,"",DATASHEET!T219) | AG218: =IF(DATASHEET!V219=0,"",DATASHEET!V219) -> 29 | AH218: =AD218-$G218 -> 135 | AI218: =AG218 -> 29 | AJ218: =IF(AND($W218-AG218>0,AE218="Y"),ABS($W218-AG218),0) -> 0 | AK218: 1 | AL218: =IF(AE218="Y",1,0) -> 0 | AM218: =IF(AF218="Y",1,0) -> 0 | AN218: =IF(DATASHEET!X219=0,"",DATASHEET!X219) | AO218: =IF(DATASHEET!Y219=0,"",DATASHEET!Y219) | AP218: =IF(DATASHEET!Z219=0,"",DATASHEET!Z219) | AQ218: =IF(DATASHEET!AA219=0,"",DATASHEET!AA219) | AR218: =IF(DATASHEET!AB219=0,"",DATASHEET!AB219) | AS218: =IF(DATASHEET!AC219=0,"",DATASHEET!AC219) | AT218: =IF(DATASHEET!AD219=0,"",DATASHEET!AD219) | AU218: =IF(DATASHEET!AE219=0,"",DATASHEET!AE219)
A219: =IF(DATASHEET!A220=0,"",DATASHEET!A220) -> CENTURY | B219: =IF(DATASHEET!B220=0,"",DATASHEET!B220) -> C | C219: =IF(DATASHEET!C220=0,"",DATASHEET!C220) -> PLANTSKYDD | D219: =IF(C219="CO-PLANTING",CONCATENATE(C219," ",F219),C219) -> PLANTSKYDD | E219: =IF(DATASHEET!D220=0,"",DATASHEET!D220) -> 17 | F219: =IF(DATASHEET!E220=0,"",DATASHEET!E220) -> WRC | G219: =IF(DATASHEET!F220=0,"",DATASHEET!F220) -> 42098 | H219: =IF(DATASHEET!G220=0,"",DATASHEET!G220) -> 25.908 | I219: =IF(DATASHEET!H220=0,"",DATASHEET!H220) -> 3.556 | J219: =IF(DATASHEET!I220=0,"",DATASHEET!I220) -> 42116 | K219: =IF(DATASHEET!J220=0,"",DATASHEET!J220) | L219: =IF(DATASHEET!K220=0,"",DATASHEET!K220) | M219: =IF(DATASHEET!L220=0,"",DATASHEET!L220) | N219: =J219-G219 -> 18 | O219: =IF(M219="",$H219,M219) -> 25.908 | P219: =IF(ISERROR($H219-M219),0,ABS($H219-M219)) -> 0 | Q219: 1 | R219: =IF(K219="Y",1,0) -> 0 | S219: =IF(L219="Y",1,0) -> 0 | T219: =IF(DATASHEET!M220=0,"",DATASHEET!M220) -> 42157 | U219: =IF(DATASHEET!N220=0,"",DATASHEET!N220) | V219: =IF(DATASHEET!O220=0,"",DATASHEET!O220) | W219: =IF(DATASHEET!Q220=0,"",DATASHEET!Q220) -> 30.48 | X219: =T219-$G219 -> 59 | Y219: =W219 -> 30.48 | Z219: =IF(AND($H219-W219>0,U219="Y"),ABS($H219-W219),0) -> 0 | AA219: 1 | AB219: =IF(U219="Y",1,0) -> 0 | AC219: =IF(V219="Y",1,0) -> 0 | AD219: =IF(DATASHEET!R220=0,"",DATASHEET!R220) -> 42233 | AE219: =IF(DATASHEET!S220=0,"",DATASHEET!S220) | AF219: =IF(DATASHEET!T220=0,"",DATASHEET!T220) | AG219: =IF(DATASHEET!V220=0,"",DATASHEET!V220) -> 34 | AH219: =AD219-$G219 -> 135 | AI219: =AG219 -> 34 | AJ219: =IF(AND($W219-AG219>0,AE219="Y"),ABS($W219-AG219),0) -> 0 | AK219: 1 | AL219: =IF(AE219="Y",1,0) -> 0 | AM219: =IF(AF219="Y",1,0) -> 0 | AN219: =IF(DATASHEET!X220=0,"",DATASHEET!X220) | AO219: =IF(DATASHEET!Y220=0,"",DATASHEET!Y220) | AP219: =IF(DATASHEET!Z220=0,"",DATASHEET!Z220) | AQ219: =IF(DATASHEET!AA220=0,"",DATASHEET!AA220) | AR219: =IF(DATASHEET!AB220=0,"",DATASHEET!AB220) | AS219: =IF(DATASHEET!AC220=0,"",DATASHEET!AC220) | AT219: =IF(DATASHEET!AD220=0,"",DATASHEET!AD220) | AU219: =IF(DATASHEET!AE220=0,"",DATASHEET!AE220)
A220: =IF(DATASHEET!A221=0,"",DATASHEET!A221) -> CENTURY | B220: =IF(DATASHEET!B221=0,"",DATASHEET!B221) -> C | C220: =IF(DATASHEET!C221=0,"",DATASHEET!C221) -> PLANTSKYDD | D220: =IF(C220="CO-PLANTING",CONCATENATE(C220," ",F220),C220) -> PLANTSKYDD | E220: =IF(DATASHEET!D221=0,"",DATASHEET!D221) -> 18 | F220: =IF(DATASHEET!E221=0,"",DATASHEET!E221) -> WRC | G220: =IF(DATASHEET!F221=0,"",DATASHEET!F221) -> 42098 | H220: =IF(DATASHEET!G221=0,"",DATASHEET!G221) -> 20.32 | I220: =IF(DATASHEET!H221=0,"",DATASHEET!H221) -> 2.286 | J220: =IF(DATASHEET!I221=0,"",DATASHEET!I221) -> 42116 | K220: =IF(DATASHEET!J221=0,"",DATASHEET!J221) | L220: =IF(DATASHEET!K221=0,"",DATASHEET!K221) | M220: =IF(DATASHEET!L221=0,"",DATASHEET!L221) | N220: =J220-G220 -> 18 | O220: =IF(M220="",$H220,M220) -> 20.32 | P220: =IF(ISERROR($H220-M220),0,ABS($H220-M220)) -> 0 | Q220: 1 | R220: =IF(K220="Y",1,0) -> 0 | S220: =IF(L220="Y",1,0) -> 0 | T220: =IF(DATASHEET!M221=0,"",DATASHEET!M221) -> 42157 | U220: =IF(DATASHEET!N221=0,"",DATASHEET!N221) | V220: =IF(DATASHEET!O221=0,"",DATASHEET!O221) | W220: =IF(DATASHEET!Q221=0,"",DATASHEET!Q221) -> 21.59 | X220: =T220-$G220 -> 59 | Y220: =W220 -> 21.59 | Z220: =IF(AND($H220-W220>0,U220="Y"),ABS($H220-W220),0) -> 0 | AA220: 1 | AB220: =IF(U220="Y",1,0) -> 0 | AC220: =IF(V220="Y",1,0) -> 0 | AD220: =IF(DATASHEET!R221=0,"",DATASHEET!R221) -> 42233 | AE220: =IF(DATASHEET!S221=0,"",DATASHEET!S221) | AF220: =IF(DATASHEET!T221=0,"",DATASHEET!T221) | AG220: =IF(DATASHEET!V221=0,"",DATASHEET!V221) -> 24 | AH220: =AD220-$G220 -> 135 | AI220: =AG220 -> 24 | AJ220: =IF(AND($W220-AG220>0,AE220="Y"),ABS($W220-AG220),0) -> 0 | AK220: 1 | AL220: =IF(AE220="Y",1,0) -> 0 | AM220: =IF(AF220="Y",1,0) -> 0 | AN220: =IF(DATASHEET!X221=0,"",DATASHEET!X221) | AO220: =IF(DATASHEET!Y221=0,"",DATASHEET!Y221) | AP220: =IF(DATASHEET!Z221=0,"",DATASHEET!Z221) | AQ220: =IF(DATASHEET!AA221=0,"",DATASHEET!AA221) | AR220: =IF(DATASHEET!AB221=0,"",DATASHEET!AB221) | AS220: =IF(DATASHEET!AC221=0,"",DATASHEET!AC221) | AT220: =IF(DATASHEET!AD221=0,"",DATASHEET!AD221) | AU220: =IF(DATASHEET!AE221=0,"",DATASHEET!AE221)
A221: =IF(DATASHEET!A222=0,"",DATASHEET!A222) -> CENTURY | B221: =IF(DATASHEET!B222=0,"",DATASHEET!B222) -> C | C221: =IF(DATASHEET!C222=0,"",DATASHEET!C222) -> PLANTSKYDD | D221: =IF(C221="CO-PLANTING",CONCATENATE(C221," ",F221),C221) -> PLANTSKYDD | E221: =IF(DATASHEET!D222=0,"",DATASHEET!D222) -> 19 | F221: =IF(DATASHEET!E222=0,"",DATASHEET!E222) -> WRC | G221: =IF(DATASHEET!F222=0,"",DATASHEET!F222) -> 42098 | H221: =IF(DATASHEET!G222=0,"",DATASHEET!G222) -> 15.748 | I221: =IF(DATASHEET!H222=0,"",DATASHEET!H222) -> 2.032 | J221: =IF(DATASHEET!I222=0,"",DATASHEET!I222) -> 42116 | K221: =IF(DATASHEET!J222=0,"",DATASHEET!J222) | L221: =IF(DATASHEET!K222=0,"",DATASHEET!K222) | M221: =IF(DATASHEET!L222=0,"",DATASHEET!L222) | N221: =J221-G221 -> 18 | O221: =IF(M221="",$H221,M221) -> 15.748 | P221: =IF(ISERROR($H221-M221),0,ABS($H221-M221)) -> 0 | Q221: 1 | R221: =IF(K221="Y",1,0) -> 0 | S221: =IF(L221="Y",1,0) -> 0 | T221: =IF(DATASHEET!M222=0,"",DATASHEET!M222) -> 42157 | U221: =IF(DATASHEET!N222=0,"",DATASHEET!N222) | V221: =IF(DATASHEET!O222=0,"",DATASHEET!O222) | W221: =IF(DATASHEET!Q222=0,"",DATASHEET!Q222) -> 15.494 | X221: =T221-$G221 -> 59 | Y221: =W221 -> 15.494 | Z221: =IF(AND($H221-W221>0,U221="Y"),ABS($H221-W221),0) -> 0 | AA221: 1 | AB221: =IF(U221="Y",1,0) -> 0 | AC221: =IF(V221="Y",1,0) -> 0 | AD221: =IF(DATASHEET!R222=0,"",DATASHEET!R222) -> 42233 | AE221: =IF(DATASHEET!S222=0,"",DATASHEET!S222) | AF221: =IF(DATASHEET!T222=0,"",DATASHEET!T222) -> Y | AG221: =IF(DATASHEET!V222=0,"",DATASHEET!V222) -> 15 | AH221: =AD221-$G221 -> 135 | AI221: =AG221 -> 15 | AJ221: =IF(AND($W221-AG221>0,AE221="Y"),ABS($W221-AG221),0) -> 0 | AK221: 1 | AL221: =IF(AE221="Y",1,0) -> 0 | AM221: =IF(AF221="Y",1,0) -> 1 | AN221: =IF(DATASHEET!X222=0,"",DATASHEET!X222) | AO221: =IF(DATASHEET!Y222=0,"",DATASHEET!Y222) | AP221: =IF(DATASHEET!Z222=0,"",DATASHEET!Z222) | AQ221: =IF(DATASHEET!AA222=0,"",DATASHEET!AA222) | AR221: =IF(DATASHEET!AB222=0,"",DATASHEET!AB222) | AS221: =IF(DATASHEET!AC222=0,"",DATASHEET!AC222) | AT221: =IF(DATASHEET!AD222=0,"",DATASHEET!AD222) | AU221: =IF(DATASHEET!AE222=0,"",DATASHEET!AE222)
A222: =IF(DATASHEET!A223=0,"",DATASHEET!A223) -> CENTURY | B222: =IF(DATASHEET!B223=0,"",DATASHEET!B223) -> C | C222: =IF(DATASHEET!C223=0,"",DATASHEET!C223) -> PLANTSKYDD | D222: =IF(C222="CO-PLANTING",CONCATENATE(C222," ",F222),C222) -> PLANTSKYDD | E222: =IF(DATASHEET!D223=0,"",DATASHEET!D223) -> 20 | F222: =IF(DATASHEET!E223=0,"",DATASHEET!E223) -> WRC | G222: =IF(DATASHEET!F223=0,"",DATASHEET!F223) -> 42098 | H222: =IF(DATASHEET!G223=0,"",DATASHEET!G223) -> 21.336 | I222: =IF(DATASHEET!H223=0,"",DATASHEET!H223) -> 4.826 | J222: =IF(DATASHEET!I223=0,"",DATASHEET!I223) -> 42116 | K222: =IF(DATASHEET!J223=0,"",DATASHEET!J223) | L222: =IF(DATASHEET!K223=0,"",DATASHEET!K223) | M222: =IF(DATASHEET!L223=0,"",DATASHEET!L223) | N222: =J222-G222 -> 18 | O222: =IF(M222="",$H222,M222) -> 21.336 | P222: =IF(ISERROR($H222-M222),0,ABS($H222-M222)) -> 0 | Q222: 1 | R222: =IF(K222="Y",1,0) -> 0 | S222: =IF(L222="Y",1,0) -> 0 | T222: =IF(DATASHEET!M223=0,"",DATASHEET!M223) -> 42157 | U222: =IF(DATASHEET!N223=0,"",DATASHEET!N223) | V222: =IF(DATASHEET!O223=0,"",DATASHEET!O223) | W222: =IF(DATASHEET!Q223=0,"",DATASHEET!Q223) -> 25.654 | X222: =T222-$G222 -> 59 | Y222: =W222 -> 25.654 | Z222: =IF(AND($H222-W222>0,U222="Y"),ABS($H222-W222),0) -> 0 | AA222: 1 | AB222: =IF(U222="Y",1,0) -> 0 | AC222: =IF(V222="Y",1,0) -> 0 | AD222: =IF(DATASHEET!R223=0,"",DATASHEET!R223) -> 42233 | AE222: =IF(DATASHEET!S223=0,"",DATASHEET!S223) | AF222: =IF(DATASHEET!T223=0,"",DATASHEET!T223) | AG222: =IF(DATASHEET!V223=0,"",DATASHEET!V223) -> 24 | AH222: =AD222-$G222 -> 135 | AI222: =AG222 -> 24 | AJ222: =IF(AND($W222-AG222>0,AE222="Y"),ABS($W222-AG222),0) -> 0 | AK222: 1 | AL222: =IF(AE222="Y",1,0) -> 0 | AM222: =IF(AF222="Y",1,0) -> 0 | AN222: =IF(DATASHEET!X223=0,"",DATASHEET!X223) | AO222: =IF(DATASHEET!Y223=0,"",DATASHEET!Y223) | AP222: =IF(DATASHEET!Z223=0,"",DATASHEET!Z223) | AQ222: =IF(DATASHEET!AA223=0,"",DATASHEET!AA223) | AR222: =IF(DATASHEET!AB223=0,"",DATASHEET!AB223) | AS222: =IF(DATASHEET!AC223=0,"",DATASHEET!AC223) | AT222: =IF(DATASHEET!AD223=0,"",DATASHEET!AD223) | AU222: =IF(DATASHEET!AE223=0,"",DATASHEET!AE223)
A223: =IF(DATASHEET!A224=0,"",DATASHEET!A224) -> CENTURY | B223: =IF(DATASHEET!B224=0,"",DATASHEET!B224) -> D | C223: =IF(DATASHEET!C224=0,"",DATASHEET!C224) -> WRC CTRL | D223: =IF(C223="CO-PLANTING",CONCATENATE(C223," ",F223),C223) -> WRC CTRL | E223: =IF(DATASHEET!D224=0,"",DATASHEET!D224) -> 1 | F223: =IF(DATASHEET!E224=0,"",DATASHEET!E224) -> WRC | G223: =IF(DATASHEET!F224=0,"",DATASHEET!F224) -> 42098 | H223: =IF(DATASHEET!G224=0,"",DATASHEET!G224) -> 36.576 | I223: =IF(DATASHEET!H224=0,"",DATASHEET!H224) -> 4.064 | J223: =IF(DATASHEET!I224=0,"",DATASHEET!I224) -> 42116 | K223: =IF(DATASHEET!J224=0,"",DATASHEET!J224) | L223: =IF(DATASHEET!K224=0,"",DATASHEET!K224) | M223: =IF(DATASHEET!L224=0,"",DATASHEET!L224) | N223: =J223-G223 -> 18 | O223: =IF(M223="",$H223,M223) -> 36.576 | P223: =IF(ISERROR($H223-M223),0,ABS($H223-M223)) -> 0 | Q223: 1 | R223: =IF(K223="Y",1,0) -> 0 | S223: =IF(L223="Y",1,0) -> 0 | T223: =IF(DATASHEET!M224=0,"",DATASHEET!M224) -> 42157 | U223: =IF(DATASHEET!N224=0,"",DATASHEET!N224) | V223: =IF(DATASHEET!O224=0,"",DATASHEET!O224) | W223: =IF(DATASHEET!Q224=0,"",DATASHEET!Q224) -> 40.64 | X223: =T223-$G223 -> 59 | Y223: =W223 -> 40.64 | Z223: =IF(AND($H223-W223>0,U223="Y"),ABS($H223-W223),0) -> 0 | AA223: 1 | AB223: =IF(U223="Y",1,0) -> 0 | AC223: =IF(V223="Y",1,0) -> 0 | AD223: =IF(DATASHEET!R224=0,"",DATASHEET!R224) -> 42233 | AE223: =IF(DATASHEET!S224=0,"",DATASHEET!S224) | AF223: =IF(DATASHEET!T224=0,"",DATASHEET!T224) | AG223: =IF(DATASHEET!V224=0,"",DATASHEET!V224) -> 50 | AH223: =AD223-$G223 -> 135 | AI223: =AG223 -> 50 | AJ223: =IF(AND($W223-AG223>0,AE223="Y"),ABS($W223-AG223),0) -> 0 | AK223: 1 | AL223: =IF(AE223="Y",1,0) -> 0 | AM223: =IF(AF223="Y",1,0) -> 0 | AN223: =IF(DATASHEET!X224=0,"",DATASHEET!X224) | AO223: =IF(DATASHEET!Y224=0,"",DATASHEET!Y224) | AP223: =IF(DATASHEET!Z224=0,"",DATASHEET!Z224) | AQ223: =IF(DATASHEET!AA224=0,"",DATASHEET!AA224) | AR223: =IF(DATASHEET!AB224=0,"",DATASHEET!AB224) | AS223: =IF(DATASHEET!AC224=0,"",DATASHEET!AC224) | AT223: =IF(DATASHEET!AD224=0,"",DATASHEET!AD224) | AU223: =IF(DATASHEET!AE224=0,"",DATASHEET!AE224)
A224: =IF(DATASHEET!A225=0,"",DATASHEET!A225) -> CENTURY | B224: =IF(DATASHEET!B225=0,"",DATASHEET!B225) -> D | C224: =IF(DATASHEET!C225=0,"",DATASHEET!C225) -> WRC CTRL | D224: =IF(C224="CO-PLANTING",CONCATENATE(C224," ",F224),C224) -> WRC CTRL | E224: =IF(DATASHEET!D225=0,"",DATASHEET!D225) -> 2 | F224: =IF(DATASHEET!E225=0,"",DATASHEET!E225) -> WRC | G224: =IF(DATASHEET!F225=0,"",DATASHEET!F225) -> 42098 | H224: =IF(DATASHEET!G225=0,"",DATASHEET!G225) -> 53.848 | I224: =IF(DATASHEET!H225=0,"",DATASHEET!H225) -> 5.334 | J224: =IF(DATASHEET!I225=0,"",DATASHEET!I225) -> 42116 | K224: =IF(DATASHEET!J225=0,"",DATASHEET!J225) | L224: =IF(DATASHEET!K225=0,"",DATASHEET!K225) | M224: =IF(DATASHEET!L225=0,"",DATASHEET!L225) | N224: =J224-G224 -> 18 | O224: =IF(M224="",$H224,M224) -> 53.848 | P224: =IF(ISERROR($H224-M224),0,ABS($H224-M224)) -> 0 | Q224: 1 | R224: =IF(K224="Y",1,0) -> 0 | S224: =IF(L224="Y",1,0) -> 0 | T224: =IF(DATASHEET!M225=0,"",DATASHEET!M225) -> 42157 | U224: =IF(DATASHEET!N225=0,"",DATASHEET!N225) -> Y | V224: =IF(DATASHEET!O225=0,"",DATASHEET!O225) | W224: =IF(DATASHEET!Q225=0,"",DATASHEET!Q225) -> 37.084 | X224: =T224-$G224 -> 59 | Y224: =W224 -> 37.084 | Z224: =IF(AND($H224-W224>0,U224="Y"),ABS($H224-W224),0) -> 16.764 | AA224: 1 | AB224: =IF(U224="Y",1,0) -> 1 | AC224: =IF(V224="Y",1,0) -> 0 | AD224: =IF(DATASHEET!R225=0,"",DATASHEET!R225) -> 42233 | AE224: =IF(DATASHEET!S225=0,"",DATASHEET!S225) -> Y | AF224: =IF(DATASHEET!T225=0,"",DATASHEET!T225) | AG224: =IF(DATASHEET!V225=0,"",DATASHEET!V225) -> 43 | AH224: =AD224-$G224 -> 135 | AI224: =AG224 -> 43 | AJ224: =IF(AND($W224-AG224>0,AE224="Y"),ABS($W224-AG224),0) -> 0 | AK224: 1 | AL224: =IF(AE224="Y",1,0) -> 1 | AM224: =IF(AF224="Y",1,0) -> 0 | AN224: =IF(DATASHEET!X225=0,"",DATASHEET!X225) | AO224: =IF(DATASHEET!Y225=0,"",DATASHEET!Y225) | AP224: =IF(DATASHEET!Z225=0,"",DATASHEET!Z225) | AQ224: =IF(DATASHEET!AA225=0,"",DATASHEET!AA225) | AR224: =IF(DATASHEET!AB225=0,"",DATASHEET!AB225) | AS224: =IF(DATASHEET!AC225=0,"",DATASHEET!AC225) | AT224: =IF(DATASHEET!AD225=0,"",DATASHEET!AD225) | AU224: =IF(DATASHEET!AE225=0,"",DATASHEET!AE225)
A225: =IF(DATASHEET!A226=0,"",DATASHEET!A226) -> CENTURY | B225: =IF(DATASHEET!B226=0,"",DATASHEET!B226) -> D | C225: =IF(DATASHEET!C226=0,"",DATASHEET!C226) -> WRC CTRL | D225: =IF(C225="CO-PLANTING",CONCATENATE(C225," ",F225),C225) -> WRC CTRL | E225: =IF(DATASHEET!D226=0,"",DATASHEET!D226) -> 3 | F225: =IF(DATASHEET!E226=0,"",DATASHEET!E226) -> WRC | G225: =IF(DATASHEET!F226=0,"",DATASHEET!F226) -> 42098 | H225: =IF(DATASHEET!G226=0,"",DATASHEET!G226) -> 34.798 | I225: =IF(DATASHEET!H226=0,"",DATASHEET!H226) -> 4.064 | J225: =IF(DATASHEET!I226=0,"",DATASHEET!I226) -> 42116 | K225: =IF(DATASHEET!J226=0,"",DATASHEET!J226) | L225: =IF(DATASHEET!K226=0,"",DATASHEET!K226) | M225: =IF(DATASHEET!L226=0,"",DATASHEET!L226) | N225: =J225-G225 -> 18 | O225: =IF(M225="",$H225,M225) -> 34.798 | P225: =IF(ISERROR($H225-M225),0,ABS($H225-M225)) -> 0 | Q225: 1 | R225: =IF(K225="Y",1,0) -> 0 | S225: =IF(L225="Y",1,0) -> 0 | T225: =IF(DATASHEET!M226=0,"",DATASHEET!M226) -> 42157 | U225: =IF(DATASHEET!N226=0,"",DATASHEET!N226) | V225: =IF(DATASHEET!O226=0,"",DATASHEET!O226) | W225: =IF(DATASHEET!Q226=0,"",DATASHEET!Q226) -> 40.64 | X225: =T225-$G225 -> 59 | Y225: =W225 -> 40.64 | Z225: =IF(AND($H225-W225>0,U225="Y"),ABS($H225-W225),0) -> 0 | AA225: 1 | AB225: =IF(U225="Y",1,0) -> 0 | AC225: =IF(V225="Y",1,0) -> 0 | AD225: =IF(DATASHEET!R226=0,"",DATASHEET!R226) -> 42233 | AE225: =IF(DATASHEET!S226=0,"",DATASHEET!S226) -> Y | AF225: =IF(DATASHEET!T226=0,"",DATASHEET!T226) | AG225: =IF(DATASHEET!V226=0,"",DATASHEET!V226) -> 32 | AH225: =AD225-$G225 -> 135 | AI225: =AG225 -> 32 | AJ225: =IF(AND($W225-AG225>0,AE225="Y"),ABS($W225-AG225),0) -> 8.64 | AK225: 1 | AL225: =IF(AE225="Y",1,0) -> 1 | AM225: =IF(AF225="Y",1,0) -> 0 | AN225: =IF(DATASHEET!X226=0,"",DATASHEET!X226) | AO225: =IF(DATASHEET!Y226=0,"",DATASHEET!Y226) | AP225: =IF(DATASHEET!Z226=0,"",DATASHEET!Z226) | AQ225: =IF(DATASHEET!AA226=0,"",DATASHEET!AA226) | AR225: =IF(DATASHEET!AB226=0,"",DATASHEET!AB226) | AS225: =IF(DATASHEET!AC226=0,"",DATASHEET!AC226) | AT225: =IF(DATASHEET!AD226=0,"",DATASHEET!AD226) | AU225: =IF(DATASHEET!AE226=0,"",DATASHEET!AE226)
A226: =IF(DATASHEET!A227=0,"",DATASHEET!A227) -> CENTURY | B226: =IF(DATASHEET!B227=0,"",DATASHEET!B227) -> D | C226: =IF(DATASHEET!C227=0,"",DATASHEET!C227) -> WRC CTRL | D226: =IF(C226="CO-PLANTING",CONCATENATE(C226," ",F226),C226) -> WRC CTRL | E226: =IF(DATASHEET!D227=0,"",DATASHEET!D227) -> 4 | F226: =IF(DATASHEET!E227=0,"",DATASHEET!E227) -> WRC | G226: =IF(DATASHEET!F227=0,"",DATASHEET!F227) -> 42098 | H226: =IF(DATASHEET!G227=0,"",DATASHEET!G227) -> 34.798 | I226: =IF(DATASHEET!H227=0,"",DATASHEET!H227) -> 3.048 | J226: =IF(DATASHEET!I227=0,"",DATASHEET!I227) -> 42116 | K226: =IF(DATASHEET!J227=0,"",DATASHEET!J227) | L226: =IF(DATASHEET!K227=0,"",DATASHEET!K227) | M226: =IF(DATASHEET!L227=0,"",DATASHEET!L227) | N226: =J226-G226 -> 18 | O226: =IF(M226="",$H226,M226) -> 34.798 | P226: =IF(ISERROR($H226-M226),0,ABS($H226-M226)) -> 0 | Q226: 1 | R226: =IF(K226="Y",1,0) -> 0 | S226: =IF(L226="Y",1,0) -> 0 | T226: =IF(DATASHEET!M227=0,"",DATASHEET!M227) -> 42157 | U226: =IF(DATASHEET!N227=0,"",DATASHEET!N227) | V226: =IF(DATASHEET!O227=0,"",DATASHEET!O227) | W226: =IF(DATASHEET!Q227=0,"",DATASHEET!Q227) -> 36.576 | X226: =T226-$G226 -> 59 | Y226: =W226 -> 36.576 | Z226: =IF(AND($H226-W226>0,U226="Y"),ABS($H226-W226),0) -> 0 | AA226: 1 | AB226: =IF(U226="Y",1,0) -> 0 | AC226: =IF(V226="Y",1,0) -> 0 | AD226: =IF(DATASHEET!R227=0,"",DATASHEET!R227) -> 42233 | AE226: =IF(DATASHEET!S227=0,"",DATASHEET!S227) -> Y | AF226: =IF(DATASHEET!T227=0,"",DATASHEET!T227) | AG226: =IF(DATASHEET!V227=0,"",DATASHEET!V227) -> 20 | AH226: =AD226-$G226 -> 135 | AI226: =AG226 -> 20 | AJ226: =IF(AND($W226-AG226>0,AE226="Y"),ABS($W226-AG226),0) -> 16.576 | AK226: 1 | AL226: =IF(AE226="Y",1,0) -> 1 | AM226: =IF(AF226="Y",1,0) -> 0 | AN226: =IF(DATASHEET!X227=0,"",DATASHEET!X227) | AO226: =IF(DATASHEET!Y227=0,"",DATASHEET!Y227) | AP226: =IF(DATASHEET!Z227=0,"",DATASHEET!Z227) | AQ226: =IF(DATASHEET!AA227=0,"",DATASHEET!AA227) | AR226: =IF(DATASHEET!AB227=0,"",DATASHEET!AB227) | AS226: =IF(DATASHEET!AC227=0,"",DATASHEET!AC227) | AT226: =IF(DATASHEET!AD227=0,"",DATASHEET!AD227) | AU226: =IF(DATASHEET!AE227=0,"",DATASHEET!AE227)
... A381: =IF(DATASHEET!A382=0,"",DATASHEET!A382) -> 1000 SWITCHBACK | B381: =IF(DATASHEET!B382=0,"",DATASHEET!B382) -> D | C381: =IF(DATASHEET!C382=0,"",DATASHEET!C382) -> PLANTSKYDD | D381: =IF(C381="CO-PLANTING",CONCATENATE(C381," ",F381),C381) -> PLANTSKYDD | E381: =IF(DATASHEET!D382=0,"",DATASHEET!D382) -> 19 | F381: =IF(DATASHEET!E382=0,"",DATASHEET!E382) -> WRC | G381: =IF(DATASHEET!F382=0,"",DATASHEET!F382) -> 42096 | H381: =IF(DATASHEET!G382=0,"",DATASHEET!G382) -> 23.114 | I381: =IF(DATASHEET!H382=0,"",DATASHEET!H382) -> 23.368 | J381: =IF(DATASHEET!I382=0,"",DATASHEET!I382) -> 42104 | K381: =IF(DATASHEET!J382=0,"",DATASHEET!J382) | L381: =IF(DATASHEET!K382=0,"",DATASHEET!K382) | M381: =IF(DATASHEET!L382=0,"",DATASHEET!L382) | N381: =J381-G381 -> 8 | O381: =IF(M381="",$H381,M381) -> 23.114 | P381: =IF(ISERROR($H381-M381),0,ABS($H381-M381)) -> 0 | Q381: 1 | R381: =IF(K381="Y",1,0) -> 0 | S381: =IF(L381="Y",1,0) -> 0 | T381: =IF(DATASHEET!M382=0,"",DATASHEET!M382) -> 42157 | U381: =IF(DATASHEET!N382=0,"",DATASHEET!N382) | V381: =IF(DATASHEET!O382=0,"",DATASHEET!O382) | W381: =IF(DATASHEET!Q382=0,"",DATASHEET!Q382) -> 23.114 | X381: =T381-$G381 -> 61 | Y381: =W381 -> 23.114 | Z381: =IF(AND($H381-W381>0,U381="Y"),ABS($H381-W381),0) -> 0 | AA381: 1 | AB381: =IF(U381="Y",1,0) -> 0 | AC381: =IF(V381="Y",1,0) -> 0 | AD381: =IF(DATASHEET!R382=0,"",DATASHEET!R382) -> 42233 | AE381: =IF(DATASHEET!S382=0,"",DATASHEET!S382) | AF381: =IF(DATASHEET!T382=0,"",DATASHEET!T382) | AG381: =IF(DATASHEET!V382=0,"",DATASHEET!V382) -> 52 | AH381: =AD381-$G381 -> 137 | AI381: =AG381 -> 52 | AJ381: =IF(AND($W381-AG381>0,AE381="Y"),ABS($W381-AG381),0) -> 0 | AK381: 1 | AL381: =IF(AE381="Y",1,0) -> 0 | AM381: =IF(AF381="Y",1,0) -> 0 | AN381: =IF(DATASHEET!X382=0,"",DATASHEET!X382) | AO381: =IF(DATASHEET!Y382=0,"",DATASHEET!Y382) | AP381: =IF(DATASHEET!Z382=0,"",DATASHEET!Z382) | AQ381: =IF(DATASHEET!AA382=0,"",DATASHEET!AA382) | AR381: =IF(DATASHEET!AB382=0,"",DATASHEET!AB382) | AS381: =IF(DATASHEET!AC382=0,"",DATASHEET!AC382) | AT381: =IF(DATASHEET!AD382=0,"",DATASHEET!AD382) | AU381: =IF(DATASHEET!AE382=0,"",DATASHEET!AE382)
A382: =IF(DATASHEET!A383=0,"",DATASHEET!A383) -> 1000 SWITCHBACK | B382: =IF(DATASHEET!B383=0,"",DATASHEET!B383) -> D | C382: =IF(DATASHEET!C383=0,"",DATASHEET!C383) -> PLANTSKYDD | D382: =IF(C382="CO-PLANTING",CONCATENATE(C382," ",F382),C382) -> PLANTSKYDD | E382: =IF(DATASHEET!D383=0,"",DATASHEET!D383) -> 20 | F382: =IF(DATASHEET!E383=0,"",DATASHEET!E383) -> WRC | G382: =IF(DATASHEET!F383=0,"",DATASHEET!F383) -> 42096 | H382: =IF(DATASHEET!G383=0,"",DATASHEET!G383) -> 34.036 | I382: =IF(DATASHEET!H383=0,"",DATASHEET!H383) -> 3.048 | J382: =IF(DATASHEET!I383=0,"",DATASHEET!I383) -> 42104 | K382: =IF(DATASHEET!J383=0,"",DATASHEET!J383) | L382: =IF(DATASHEET!K383=0,"",DATASHEET!K383) | M382: =IF(DATASHEET!L383=0,"",DATASHEET!L383) | N382: =J382-G382 -> 8 | O382: =IF(M382="",$H382,M382) -> 34.036 | P382: =IF(ISERROR($H382-M382),0,ABS($H382-M382)) -> 0 | Q382: 1 | R382: =IF(K382="Y",1,0) -> 0 | S382: =IF(L382="Y",1,0) -> 0 | T382: =IF(DATASHEET!M383=0,"",DATASHEET!M383) -> 42157 | U382: =IF(DATASHEET!N383=0,"",DATASHEET!N383) | V382: =IF(DATASHEET!O383=0,"",DATASHEET!O383) | W382: =IF(DATASHEET!Q383=0,"",DATASHEET!Q383) -> 33.274 | X382: =T382-$G382 -> 61 | Y382: =W382 -> 33.274 | Z382: =IF(AND($H382-W382>0,U382="Y"),ABS($H382-W382),0) -> 0 | AA382: 1 | AB382: =IF(U382="Y",1,0) -> 0 | AC382: =IF(V382="Y",1,0) -> 0 | AD382: =IF(DATASHEET!R383=0,"",DATASHEET!R383) -> 42233 | AE382: =IF(DATASHEET!S383=0,"",DATASHEET!S383) | AF382: =IF(DATASHEET!T383=0,"",DATASHEET!T383) -> Y | AG382: =IF(DATASHEET!V383=0,"",DATASHEET!V383) | AH382: =AD382-$G382 -> 137 | AI382: =AG382 | AK382: 1 | AL382: =IF(AE382="Y",1,0) -> 0 | AM382: =IF(AF382="Y",1,0) -> 1 | AN382: =IF(DATASHEET!X383=0,"",DATASHEET!X383) | AO382: =IF(DATASHEET!Y383=0,"",DATASHEET!Y383) | AP382: =IF(DATASHEET!Z383=0,"",DATASHEET!Z383) | AQ382: =IF(DATASHEET!AA383=0,"",DATASHEET!AA383) | AR382: =IF(DATASHEET!AB383=0,"",DATASHEET!AB383) | AS382: =IF(DATASHEET!AC383=0,"",DATASHEET!AC383) | AT382: =IF(DATASHEET!AD383=0,"",DATASHEET!AD383) | AU382: =IF(DATASHEET!AE383=0,"",DATASHEET!AE383)
A383: =IF(DATASHEET!A384=0,"",DATASHEET!A384) -> 1000 SWITCHBACK | B383: =IF(DATASHEET!B384=0,"",DATASHEET!B384) -> E | C383: =IF(DATASHEET!C384=0,"",DATASHEET!C384) -> VEXAR | D383: =IF(C383="CO-PLANTING",CONCATENATE(C383," ",F383),C383) -> VEXAR | E383: =IF(DATASHEET!D384=0,"",DATASHEET!D384) -> 1 | F383: =IF(DATASHEET!E384=0,"",DATASHEET!E384) -> WRC | G383: =IF(DATASHEET!F384=0,"",DATASHEET!F384) -> 42096 | H383: =IF(DATASHEET!G384=0,"",DATASHEET!G384) -> 42.672 | I383: =IF(DATASHEET!H384=0,"",DATASHEET!H384) -> 4.318 | J383: =IF(DATASHEET!I384=0,"",DATASHEET!I384) -> 42104 | K383: =IF(DATASHEET!J384=0,"",DATASHEET!J384) | L383: =IF(DATASHEET!K384=0,"",DATASHEET!K384) | M383: =IF(DATASHEET!L384=0,"",DATASHEET!L384) | N383: =J383-G383 -> 8 | O383: =IF(M383="",$H383,M383) -> 42.672 | P383: =IF(ISERROR($H383-M383),0,ABS($H383-M383)) -> 0 | Q383: 1 | R383: =IF(K383="Y",1,0) -> 0 | S383: =IF(L383="Y",1,0) -> 0 | T383: =IF(DATASHEET!M384=0,"",DATASHEET!M384) -> 42157 | U383: =IF(DATASHEET!N384=0,"",DATASHEET!N384) | V383: =IF(DATASHEET!O384=0,"",DATASHEET!O384) | W383: =IF(DATASHEET!Q384=0,"",DATASHEET!Q384) -> 44.958 | X383: =T383-$G383 -> 61 | Y383: =W383 -> 44.958 | Z383: =IF(AND($H383-W383>0,U383="Y"),ABS($H383-W383),0) -> 0 | AA383: 1 | AB383: =IF(U383="Y",1,0) -> 0 | AC383: =IF(V383="Y",1,0) -> 0 | AD383: =IF(DATASHEET!R384=0,"",DATASHEET!R384) -> 42233 | AE383: =IF(DATASHEET!S384=0,"",DATASHEET!S384) | AF383: =IF(DATASHEET!T384=0,"",DATASHEET!T384) | AG383: =IF(DATASHEET!V384=0,"",DATASHEET!V384) -> 60 | AH383: =AD383-$G383 -> 137 | AI383: =AG383 -> 60 | AJ383: =IF(AND($W383-AG383>0,AE383="Y"),ABS($W383-AG383),0) -> 0 | AK383: 1 | AL383: =IF(AE383="Y",1,0) -> 0 | AM383: =IF(AF383="Y",1,0) -> 0 | AN383: =IF(DATASHEET!X384=0,"",DATASHEET!X384) | AO383: =IF(DATASHEET!Y384=0,"",DATASHEET!Y384) | AP383: =IF(DATASHEET!Z384=0,"",DATASHEET!Z384) | AQ383: =IF(DATASHEET!AA384=0,"",DATASHEET!AA384) | AR383: =IF(DATASHEET!AB384=0,"",DATASHEET!AB384) | AS383: =IF(DATASHEET!AC384=0,"",DATASHEET!AC384) | AT383: =IF(DATASHEET!AD384=0,"",DATASHEET!AD384) | AU383: =IF(DATASHEET!AE384=0,"",DATASHEET!AE384)
A384: =IF(DATASHEET!A385=0,"",DATASHEET!A385) -> 1000 SWITCHBACK | B384: =IF(DATASHEET!B385=0,"",DATASHEET!B385) -> E | C384: =IF(DATASHEET!C385=0,"",DATASHEET!C385) -> VEXAR | D384: =IF(C384="CO-PLANTING",CONCATENATE(C384," ",F384),C384) -> VEXAR | E384: =IF(DATASHEET!D385=0,"",DATASHEET!D385) -> 2 | F384: =IF(DATASHEET!E385=0,"",DATASHEET!E385) -> WRC | G384: =IF(DATASHEET!F385=0,"",DATASHEET!F385) -> 42096 | H384: =IF(DATASHEET!G385=0,"",DATASHEET!G385) -> 31.75 | I384: =IF(DATASHEET!H385=0,"",DATASHEET!H385) -> 3.048 | J384: =IF(DATASHEET!I385=0,"",DATASHEET!I385) -> 42104 | K384: =IF(DATASHEET!J385=0,"",DATASHEET!J385) | L384: =IF(DATASHEET!K385=0,"",DATASHEET!K385) | M384: =IF(DATASHEET!L385=0,"",DATASHEET!L385) | N384: =J384-G384 -> 8 | O384: =IF(M384="",$H384,M384) -> 31.75 | P384: =IF(ISERROR($H384-M384),0,ABS($H384-M384)) -> 0 | Q384: 1 | R384: =IF(K384="Y",1,0) -> 0 | S384: =IF(L384="Y",1,0) -> 0 | T384: =IF(DATASHEET!M385=0,"",DATASHEET!M385) -> 42157 | U384: =IF(DATASHEET!N385=0,"",DATASHEET!N385) | V384: =IF(DATASHEET!O385=0,"",DATASHEET!O385) | W384: =IF(DATASHEET!Q385=0,"",DATASHEET!Q385) -> 38.354 | X384: =T384-$G384 -> 61 | Y384: =W384 -> 38.354 | Z384: =IF(AND($H384-W384>0,U384="Y"),ABS($H384-W384),0) -> 0 | AA384: 1 | AB384: =IF(U384="Y",1,0) -> 0 | AC384: =IF(V384="Y",1,0) -> 0 | AD384: =IF(DATASHEET!R385=0,"",DATASHEET!R385) -> 42233 | AE384: =IF(DATASHEET!S385=0,"",DATASHEET!S385) | AF384: =IF(DATASHEET!T385=0,"",DATASHEET!T385) | AG384: =IF(DATASHEET!V385=0,"",DATASHEET!V385) -> 61 | AH384: =AD384-$G384 -> 137 | AI384: =AG384 -> 61 | AJ384: =IF(AND($W384-AG384>0,AE384="Y"),ABS($W384-AG384),0) -> 0 | AK384: 1 | AL384: =IF(AE384="Y",1,0) -> 0 | AM384: =IF(AF384="Y",1,0) -> 0 | AN384: =IF(DATASHEET!X385=0,"",DATASHEET!X385) | AO384: =IF(DATASHEET!Y385=0,"",DATASHEET!Y385) | AP384: =IF(DATASHEET!Z385=0,"",DATASHEET!Z385) | AQ384: =IF(DATASHEET!AA385=0,"",DATASHEET!AA385) | AR384: =IF(DATASHEET!AB385=0,"",DATASHEET!AB385) | AS384: =IF(DATASHEET!AC385=0,"",DATASHEET!AC385) | AT384: =IF(DATASHEET!AD385=0,"",DATASHEET!AD385) | AU384: =IF(DATASHEET!AE385=0,"",DATASHEET!AE385)
A385: =IF(DATASHEET!A386=0,"",DATASHEET!A386) -> 1000 SWITCHBACK | B385: =IF(DATASHEET!B386=0,"",DATASHEET!B386) -> E | C385: =IF(DATASHEET!C386=0,"",DATASHEET!C386) -> VEXAR | D385: =IF(C385="CO-PLANTING",CONCATENATE(C385," ",F385),C385) -> VEXAR | E385: =IF(DATASHEET!D386=0,"",DATASHEET!D386) -> 3 | F385: =IF(DATASHEET!E386=0,"",DATASHEET!E386) -> WRC | G385: =IF(DATASHEET!F386=0,"",DATASHEET!F386) -> 42096 | H385: =IF(DATASHEET!G386=0,"",DATASHEET!G386) -> 32.512 | I385: =IF(DATASHEET!H386=0,"",DATASHEET!H386) -> 3.81 | J385: =IF(DATASHEET!I386=0,"",DATASHEET!I386) -> 42104 | K385: =IF(DATASHEET!J386=0,"",DATASHEET!J386) | L385: =IF(DATASHEET!K386=0,"",DATASHEET!K386) | M385: =IF(DATASHEET!L386=0,"",DATASHEET!L386) | N385: =J385-G385 -> 8 | O385: =IF(M385="",$H385,M385) -> 32.512 | P385: =IF(ISERROR($H385-M385),0,ABS($H385-M385)) -> 0 | Q385: 1 | R385: =IF(K385="Y",1,0) -> 0 | S385: =IF(L385="Y",1,0) -> 0 | T385: =IF(DATASHEET!M386=0,"",DATASHEET!M386) -> 42157 | U385: =IF(DATASHEET!N386=0,"",DATASHEET!N386) | V385: =IF(DATASHEET!O386=0,"",DATASHEET!O386) | W385: =IF(DATASHEET!Q386=0,"",DATASHEET!Q386) -> 36.322 | X385: =T385-$G385 -> 61 | Y385: =W385 -> 36.322 | Z385: =IF(AND($H385-W385>0,U385="Y"),ABS($H385-W385),0) -> 0 | AA385: 1 | AB385: =IF(U385="Y",1,0) -> 0 | AC385: =IF(V385="Y",1,0) -> 0 | AD385: =IF(DATASHEET!R386=0,"",DATASHEET!R386) -> 42233 | AE385: =IF(DATASHEET!S386=0,"",DATASHEET!S386) | AF385: =IF(DATASHEET!T386=0,"",DATASHEET!T386) | AG385: =IF(DATASHEET!V386=0,"",DATASHEET!V386) -> 44 | AH385: =AD385-$G385 -> 137 | AI385: =AG385 -> 44 | AJ385: =IF(AND($W385-AG385>0,AE385="Y"),ABS($W385-AG385),0) -> 0 | AK385: 1 | AL385: =IF(AE385="Y",1,0) -> 0 | AM385: =IF(AF385="Y",1,0) -> 0 | AN385: =IF(DATASHEET!X386=0,"",DATASHEET!X386) | AO385: =IF(DATASHEET!Y386=0,"",DATASHEET!Y386) | AP385: =IF(DATASHEET!Z386=0,"",DATASHEET!Z386) | AQ385: =IF(DATASHEET!AA386=0,"",DATASHEET!AA386) | AR385: =IF(DATASHEET!AB386=0,"",DATASHEET!AB386) | AS385: =IF(DATASHEET!AC386=0,"",DATASHEET!AC386) | AT385: =IF(DATASHEET!AD386=0,"",DATASHEET!AD386) | AU385: =IF(DATASHEET!AE386=0,"",DATASHEET!AE386)
A386: =IF(DATASHEET!A387=0,"",DATASHEET!A387) -> 1000 SWITCHBACK | B386: =IF(DATASHEET!B387=0,"",DATASHEET!B387) -> E | C386: =IF(DATASHEET!C387=0,"",DATASHEET!C387) -> VEXAR | D386: =IF(C386="CO-PLANTING",CONCATENATE(C386," ",F386),C386) -> VEXAR | E386: =IF(DATASHEET!D387=0,"",DATASHEET!D387) -> 4 | F386: =IF(DATASHEET!E387=0,"",DATASHEET!E387) -> WRC | G386: =IF(DATASHEET!F387=0,"",DATASHEET!F387) -> 42096 | H386: =IF(DATASHEET!G387=0,"",DATASHEET!G387) -> 32.004 | I386: =IF(DATASHEET!H387=0,"",DATASHEET!H387) -> 4.064 | J386: =IF(DATASHEET!I387=0,"",DATASHEET!I387) -> 42104 | K386: =IF(DATASHEET!J387=0,"",DATASHEET!J387) | L386: =IF(DATASHEET!K387=0,"",DATASHEET!K387) | M386: =IF(DATASHEET!L387=0,"",DATASHEET!L387) | N386: =J386-G386 -> 8 | O386: =IF(M386="",$H386,M386) -> 32.004 | P386: =IF(ISERROR($H386-M386),0,ABS($H386-M386)) -> 0 | Q386: 1 | R386: =IF(K386="Y",1,0) -> 0 | S386: =IF(L386="Y",1,0) -> 0 | T386: =IF(DATASHEET!M387=0,"",DATASHEET!M387) -> 42157 | U386: =IF(DATASHEET!N387=0,"",DATASHEET!N387) | V386: =IF(DATASHEET!O387=0,"",DATASHEET!O387) | W386: =IF(DATASHEET!Q387=0,"",DATASHEET!Q387) -> 35.052 | X386: =T386-$G386 -> 61 | Y386: =W386 -> 35.052 | Z386: =IF(AND($H386-W386>0,U386="Y"),ABS($H386-W386),0) -> 0 | AA386: 1 | AB386: =IF(U386="Y",1,0) -> 0 | AC386: =IF(V386="Y",1,0) -> 0 | AD386: =IF(DATASHEET!R387=0,"",DATASHEET!R387) -> 42233 | AE386: =IF(DATASHEET!S387=0,"",DATASHEET!S387) | AF386: =IF(DATASHEET!T387=0,"",DATASHEET!T387) | AG386: =IF(DATASHEET!V387=0,"",DATASHEET!V387) -> 49 | AH386: =AD386-$G386 -> 137 | AI386: =AG386 -> 49 | AJ386: =IF(AND($W386-AG386>0,AE386="Y"),ABS($W386-AG386),0) -> 0 | AK386: 1 | AL386: =IF(AE386="Y",1,0) -> 0 | AM386: =IF(AF386="Y",1,0) -> 0 | AN386: =IF(DATASHEET!X387=0,"",DATASHEET!X387) | AO386: =IF(DATASHEET!Y387=0,"",DATASHEET!Y387) | AP386: =IF(DATASHEET!Z387=0,"",DATASHEET!Z387) | AQ386: =IF(DATASHEET!AA387=0,"",DATASHEET!AA387) | AR386: =IF(DATASHEET!AB387=0,"",DATASHEET!AB387) | AS386: =IF(DATASHEET!AC387=0,"",DATASHEET!AC387) | AT386: =IF(DATASHEET!AD387=0,"",DATASHEET!AD387) | AU386: =IF(DATASHEET!AE387=0,"",DATASHEET!AE387)
A387: =IF(DATASHEET!A388=0,"",DATASHEET!A388) -> 1000 SWITCHBACK | B387: =IF(DATASHEET!B388=0,"",DATASHEET!B388) -> E | C387: =IF(DATASHEET!C388=0,"",DATASHEET!C388) -> VEXAR | D387: =IF(C387="CO-PLANTING",CONCATENATE(C387," ",F387),C387) -> VEXAR | E387: =IF(DATASHEET!D388=0,"",DATASHEET!D388) -> 5 | F387: =IF(DATASHEET!E388=0,"",DATASHEET!E388) -> WRC | G387: =IF(DATASHEET!F388=0,"",DATASHEET!F388) -> 42096 | H387: =IF(DATASHEET!G388=0,"",DATASHEET!G388) -> 32.512 | I387: =IF(DATASHEET!H388=0,"",DATASHEET!H388) -> 3.302 | J387: =IF(DATASHEET!I388=0,"",DATASHEET!I388) -> 42104 | K387: =IF(DATASHEET!J388=0,"",DATASHEET!J388) | L387: =IF(DATASHEET!K388=0,"",DATASHEET!K388) | M387: =IF(DATASHEET!L388=0,"",DATASHEET!L388) | N387: =J387-G387 -> 8 | O387: =IF(M387="",$H387,M387) -> 32.512 | P387: =IF(ISERROR($H387-M387),0,ABS($H387-M387)) -> 0 | Q387: 1 | R387: =IF(K387="Y",1,0) -> 0 | S387: =IF(L387="Y",1,0) -> 0 | T387: =IF(DATASHEET!M388=0,"",DATASHEET!M388) -> 42157 | U387: =IF(DATASHEET!N388=0,"",DATASHEET!N388) | V387: =IF(DATASHEET!O388=0,"",DATASHEET!O388) | W387: =IF(DATASHEET!Q388=0,"",DATASHEET!Q388) -> 33.782 | X387: =T387-$G387 -> 61 | Y387: =W387 -> 33.782 | Z387: =IF(AND($H387-W387>0,U387="Y"),ABS($H387-W387),0) -> 0 | AA387: 1 | AB387: =IF(U387="Y",1,0) -> 0 | AC387: =IF(V387="Y",1,0) -> 0 | AD387: =IF(DATASHEET!R388=0,"",DATASHEET!R388) -> 42233 | AE387: =IF(DATASHEET!S388=0,"",DATASHEET!S388) | AF387: =IF(DATASHEET!T388=0,"",DATASHEET!T388) | AG387: =IF(DATASHEET!V388=0,"",DATASHEET!V388) -> 40 | AH387: =AD387-$G387 -> 137 | AI387: =AG387 -> 40 | AJ387: =IF(AND($W387-AG387>0,AE387="Y"),ABS($W387-AG387),0) -> 0 | AK387: 1 | AL387: =IF(AE387="Y",1,0) -> 0 | AM387: =IF(AF387="Y",1,0) -> 0 | AN387: =IF(DATASHEET!X388=0,"",DATASHEET!X388) | AO387: =IF(DATASHEET!Y388=0,"",DATASHEET!Y388) | AP387: =IF(DATASHEET!Z388=0,"",DATASHEET!Z388) | AQ387: =IF(DATASHEET!AA388=0,"",DATASHEET!AA388) | AR387: =IF(DATASHEET!AB388=0,"",DATASHEET!AB388) | AS387: =IF(DATASHEET!AC388=0,"",DATASHEET!AC388) | AT387: =IF(DATASHEET!AD388=0,"",DATASHEET!AD388) | AU387: =IF(DATASHEET!AE388=0,"",DATASHEET!AE388)
A388: =IF(DATASHEET!A389=0,"",DATASHEET!A389) -> 1000 SWITCHBACK | B388: =IF(DATASHEET!B389=0,"",DATASHEET!B389) -> E | C388: =IF(DATASHEET!C389=0,"",DATASHEET!C389) -> VEXAR | D388: =IF(C388="CO-PLANTING",CONCATENATE(C388," ",F388),C388) -> VEXAR | E388: =IF(DATASHEET!D389=0,"",DATASHEET!D389) -> 6 | F388: =IF(DATASHEET!E389=0,"",DATASHEET!E389) -> WRC | G388: =IF(DATASHEET!F389=0,"",DATASHEET!F389) -> 42096 | H388: =IF(DATASHEET!G389=0,"",DATASHEET!G389) -> 46.482 | I388: =IF(DATASHEET!H389=0,"",DATASHEET!H389) -> 5.08 | J388: =IF(DATASHEET!I389=0,"",DATASHEET!I389) -> 42104 | K388: =IF(DATASHEET!J389=0,"",DATASHEET!J389) | L388: =IF(DATASHEET!K389=0,"",DATASHEET!K389) | M388: =IF(DATASHEET!L389=0,"",DATASHEET!L389) | N388: =J388-G388 -> 8 | O388: =IF(M388="",$H388,M388) -> 46.482 | P388: =IF(ISERROR($H388-M388),0,ABS($H388-M388)) -> 0 | Q388: 1 | R388: =IF(K388="Y",1,0) -> 0 | S388: =IF(L388="Y",1,0) -> 0 | T388: =IF(DATASHEET!M389=0,"",DATASHEET!M389) -> 42157 | U388: =IF(DATASHEET!N389=0,"",DATASHEET!N389) | V388: =IF(DATASHEET!O389=0,"",DATASHEET!O389) | W388: =IF(DATASHEET!Q389=0,"",DATASHEET!Q389) -> 50.546 | X388: =T388-$G388 -> 61 | Y388: =W388 -> 50.546 | Z388: =IF(AND($H388-W388>0,U388="Y"),ABS($H388-W388),0) -> 0 | AA388: 1 | AB388: =IF(U388="Y",1,0) -> 0 | AC388: =IF(V388="Y",1,0) -> 0 | AD388: =IF(DATASHEET!R389=0,"",DATASHEET!R389) -> 42233 | AE388: =IF(DATASHEET!S389=0,"",DATASHEET!S389) | AF388: =IF(DATASHEET!T389=0,"",DATASHEET!T389) | AG388: =IF(DATASHEET!V389=0,"",DATASHEET!V389) -> 52 | AH388: =AD388-$G388 -> 137 | AI388: =AG388 -> 52 | AJ388: =IF(AND($W388-AG388>0,AE388="Y"),ABS($W388-AG388),0) -> 0 | AK388: 1 | AL388: =IF(AE388="Y",1,0) -> 0 | AM388: =IF(AF388="Y",1,0) -> 0 | AN388: =IF(DATASHEET!X389=0,"",DATASHEET!X389) | AO388: =IF(DATASHEET!Y389=0,"",DATASHEET!Y389) | AP388: =IF(DATASHEET!Z389=0,"",DATASHEET!Z389) | AQ388: =IF(DATASHEET!AA389=0,"",DATASHEET!AA389) | AR388: =IF(DATASHEET!AB389=0,"",DATASHEET!AB389) | AS388: =IF(DATASHEET!AC389=0,"",DATASHEET!AC389) | AT388: =IF(DATASHEET!AD389=0,"",DATASHEET!AD389) | AU388: =IF(DATASHEET!AE389=0,"",DATASHEET!AE389)
A389: =IF(DATASHEET!A390=0,"",DATASHEET!A390) -> 1000 SWITCHBACK | B389: =IF(DATASHEET!B390=0,"",DATASHEET!B390) -> E | C389: =IF(DATASHEET!C390=0,"",DATASHEET!C390) -> VEXAR | D389: =IF(C389="CO-PLANTING",CONCATENATE(C389," ",F389),C389) -> VEXAR | E389: =IF(DATASHEET!D390=0,"",DATASHEET!D390) -> 7 | F389: =IF(DATASHEET!E390=0,"",DATASHEET!E390) -> WRC | G389: =IF(DATASHEET!F390=0,"",DATASHEET!F390) -> 42096 | H389: =IF(DATASHEET!G390=0,"",DATASHEET!G390) -> 21.59 | I389: =IF(DATASHEET!H390=0,"",DATASHEET!H390) -> 3.048 | J389: =IF(DATASHEET!I390=0,"",DATASHEET!I390) -> 42104 | K389: =IF(DATASHEET!J390=0,"",DATASHEET!J390) | L389: =IF(DATASHEET!K390=0,"",DATASHEET!K390) | M389: =IF(DATASHEET!L390=0,"",DATASHEET!L390) | N389: =J389-G389 -> 8 | O389: =IF(M389="",$H389,M389) -> 21.59 | P389: =IF(ISERROR($H389-M389),0,ABS($H389-M389)) -> 0 | Q389: 1 | R389: =IF(K389="Y",1,0) -> 0 | S389: =IF(L389="Y",1,0) -> 0 | T389: =IF(DATASHEET!M390=0,"",DATASHEET!M390) -> 42157 | U389: =IF(DATASHEET!N390=0,"",DATASHEET!N390) | V389: =IF(DATASHEET!O390=0,"",DATASHEET!O390) -> Y | W389: =IF(DATASHEET!Q390=0,"",DATASHEET!Q390) -> 20.066 | X389: =T389-$G389 -> 61 | Y389: =W389 -> 20.066 | Z389: =IF(AND($H389-W389>0,U389="Y"),ABS($H389-W389),0) -> 0 | AA389: 1 | AB389: =IF(U389="Y",1,0) -> 0 | AC389: =IF(V389="Y",1,0) -> 1 | AD389: =IF(DATASHEET!R390=0,"",DATASHEET!R390) -> 42233 | AE389: =IF(DATASHEET!S390=0,"",DATASHEET!S390) | AF389: =IF(DATASHEET!T390=0,"",DATASHEET!T390) -> Y | AG389: =IF(DATASHEET!V390=0,"",DATASHEET!V390) -> 16 | AH389: =AD389-$G389 -> 137 | AI389: =AG389 -> 16 | AJ389: =IF(AND($W389-AG389>0,AE389="Y"),ABS($W389-AG389),0) -> 0 | AK389: 1 | AL389: =IF(AE389="Y",1,0) -> 0 | AM389: =IF(AF389="Y",1,0) -> 1 | AN389: =IF(DATASHEET!X390=0,"",DATASHEET!X390) | AO389: =IF(DATASHEET!Y390=0,"",DATASHEET!Y390) | AP389: =IF(DATASHEET!Z390=0,"",DATASHEET!Z390) | AQ389: =IF(DATASHEET!AA390=0,"",DATASHEET!AA390) | AR389: =IF(DATASHEET!AB390=0,"",DATASHEET!AB390) | AS389: =IF(DATASHEET!AC390=0,"",DATASHEET!AC390) | AT389: =IF(DATASHEET!AD390=0,"",DATASHEET!AD390) | AU389: =IF(DATASHEET!AE390=0,"",DATASHEET!AE390)
A390: =IF(DATASHEET!A391=0,"",DATASHEET!A391) -> 1000 SWITCHBACK | B390: =IF(DATASHEET!B391=0,"",DATASHEET!B391) -> E | C390: =IF(DATASHEET!C391=0,"",DATASHEET!C391) -> VEXAR | D390: =IF(C390="CO-PLANTING",CONCATENATE(C390," ",F390),C390) -> VEXAR | E390: =IF(DATASHEET!D391=0,"",DATASHEET!D391) -> 8 | F390: =IF(DATASHEET!E391=0,"",DATASHEET!E391) -> WRC | G390: =IF(DATASHEET!F391=0,"",DATASHEET!F391) -> 42096 | H390: =IF(DATASHEET!G391=0,"",DATASHEET!G391) -> 35.56 | I390: =IF(DATASHEET!H391=0,"",DATASHEET!H391) -> 4.064 | J390: =IF(DATASHEET!I391=0,"",DATASHEET!I391) -> 42104 | K390: =IF(DATASHEET!J391=0,"",DATASHEET!J391) | L390: =IF(DATASHEET!K391=0,"",DATASHEET!K391) | M390: =IF(DATASHEET!L391=0,"",DATASHEET!L391) | N390: =J390-G390 -> 8 | O390: =IF(M390="",$H390,M390) -> 35.56 | P390: =IF(ISERROR($H390-M390),0,ABS($H390-M390)) -> 0 | Q390: 1 | R390: =IF(K390="Y",1,0) -> 0 | S390: =IF(L390="Y",1,0) -> 0 | T390: =IF(DATASHEET!M391=0,"",DATASHEET!M391) -> 42157 | U390: =IF(DATASHEET!N391=0,"",DATASHEET!N391) | V390: =IF(DATASHEET!O391=0,"",DATASHEET!O391) | W390: =IF(DATASHEET!Q391=0,"",DATASHEET!Q391) -> 39.878 | X390: =T390-$G390 -> 61 | Y390: =W390 -> 39.878 | Z390: =IF(AND($H390-W390>0,U390="Y"),ABS($H390-W390),0) -> 0 | AA390: 1 | AB390: =IF(U390="Y",1,0) -> 0 | AC390: =IF(V390="Y",1,0) -> 0 | AD390: =IF(DATASHEET!R391=0,"",DATASHEET!R391) -> 42233 | AE390: =IF(DATASHEET!S391=0,"",DATASHEET!S391) | AF390: =IF(DATASHEET!T391=0,"",DATASHEET!T391) | AG390: =IF(DATASHEET!V391=0,"",DATASHEET!V391) -> 65 | AH390: =AD390-$G390 -> 137 | AI390: =AG390 -> 65 | AJ390: =IF(AND($W390-AG390>0,AE390="Y"),ABS($W390-AG390),0) -> 0 | AK390: 1 | AL390: =IF(AE390="Y",1,0) -> 0 | AM390: =IF(AF390="Y",1,0) -> 0 | AN390: =IF(DATASHEET!X391=0,"",DATASHEET!X391) | AO390: =IF(DATASHEET!Y391=0,"",DATASHEET!Y391) | AP390: =IF(DATASHEET!Z391=0,"",DATASHEET!Z391) | AQ390: =IF(DATASHEET!AA391=0,"",DATASHEET!AA391) | AR390: =IF(DATASHEET!AB391=0,"",DATASHEET!AB391) | AS390: =IF(DATASHEET!AC391=0,"",DATASHEET!AC391) | AT390: =IF(DATASHEET!AD391=0,"",DATASHEET!AD391) | AU390: =IF(DATASHEET!AE391=0,"",DATASHEET!AE391)
A391: =IF(DATASHEET!A392=0,"",DATASHEET!A392) -> 1000 SWITCHBACK | B391: =IF(DATASHEET!B392=0,"",DATASHEET!B392) -> E | C391: =IF(DATASHEET!C392=0,"",DATASHEET!C392) -> VEXAR | D391: =IF(C391="CO-PLANTING",CONCATENATE(C391," ",F391),C391) -> VEXAR | E391: =IF(DATASHEET!D392=0,"",DATASHEET!D392) -> 9 | F391: =IF(DATASHEET!E392=0,"",DATASHEET!E392) -> WRC | G391: =IF(DATASHEET!F392=0,"",DATASHEET!F392) -> 42096 | H391: =IF(DATASHEET!G392=0,"",DATASHEET!G392) -> 44.45 | I391: =IF(DATASHEET!H392=0,"",DATASHEET!H392) -> 4.318 | J391: =IF(DATASHEET!I392=0,"",DATASHEET!I392) -> 42104 | K391: =IF(DATASHEET!J392=0,"",DATASHEET!J392) | L391: =IF(DATASHEET!K392=0,"",DATASHEET!K392) | M391: =IF(DATASHEET!L392=0,"",DATASHEET!L392) | N391: =J391-G391 -> 8 | O391: =IF(M391="",$H391,M391) -> 44.45 | P391: =IF(ISERROR($H391-M391),0,ABS($H391-M391)) -> 0 | Q391: 1 | R391: =IF(K391="Y",1,0) -> 0 | S391: =IF(L391="Y",1,0) -> 0 | T391: =IF(DATASHEET!M392=0,"",DATASHEET!M392) -> 42157 | U391: =IF(DATASHEET!N392=0,"",DATASHEET!N392) | V391: =IF(DATASHEET!O392=0,"",DATASHEET!O392) | W391: =IF(DATASHEET!Q392=0,"",DATASHEET!Q392) -> 51.562 | X391: =T391-$G391 -> 61 | Y391: =W391 -> 51.562 | Z391: =IF(AND($H391-W391>0,U391="Y"),ABS($H391-W391),0) -> 0 | AA391: 1 | AB391: =IF(U391="Y",1,0) -> 0 | AC391: =IF(V391="Y",1,0) -> 0 | AD391: =IF(DATASHEET!R392=0,"",DATASHEET!R392) -> 42233 | AE391: =IF(DATASHEET!S392=0,"",DATASHEET!S392) | AF391: =IF(DATASHEET!T392=0,"",DATASHEET!T392) | AG391: =IF(DATASHEET!V392=0,"",DATASHEET!V392) -> 69 | AH391: =AD391-$G391 -> 137 | AI391: =AG391 -> 69 | AJ391: =IF(AND($W391-AG391>0,AE391="Y"),ABS($W391-AG391),0) -> 0 | AK391: 1 | AL391: =IF(AE391="Y",1,0) -> 0 | AM391: =IF(AF391="Y",1,0) -> 0 | AN391: =IF(DATASHEET!X392=0,"",DATASHEET!X392) | AO391: =IF(DATASHEET!Y392=0,"",DATASHEET!Y392) | AP391: =IF(DATASHEET!Z392=0,"",DATASHEET!Z392) | AQ391: =IF(DATASHEET!AA392=0,"",DATASHEET!AA392) | AR391: =IF(DATASHEET!AB392=0,"",DATASHEET!AB392) | AS391: =IF(DATASHEET!AC392=0,"",DATASHEET!AC392) | AT391: =IF(DATASHEET!AD392=0,"",DATASHEET!AD392) | AU391: =IF(DATASHEET!AE392=0,"",DATASHEET!AE392)
A392: =IF(DATASHEET!A393=0,"",DATASHEET!A393) -> 1000 SWITCHBACK | B392: =IF(DATASHEET!B393=0,"",DATASHEET!B393) -> E | C392: =IF(DATASHEET!C393=0,"",DATASHEET!C393) -> VEXAR | D392: =IF(C392="CO-PLANTING",CONCATENATE(C392," ",F392),C392) -> VEXAR | E392: =IF(DATASHEET!D393=0,"",DATASHEET!D393) -> 10 | F392: =IF(DATASHEET!E393=0,"",DATASHEET!E393) -> WRC | G392: =IF(DATASHEET!F393=0,"",DATASHEET!F393) -> 42096 | H392: =IF(DATASHEET!G393=0,"",DATASHEET!G393) -> 45.72 | I392: =IF(DATASHEET!H393=0,"",DATASHEET!H393) -> 7.112 | J392: =IF(DATASHEET!I393=0,"",DATASHEET!I393) -> 42104 | K392: =IF(DATASHEET!J393=0,"",DATASHEET!J393) | L392: =IF(DATASHEET!K393=0,"",DATASHEET!K393) | M392: =IF(DATASHEET!L393=0,"",DATASHEET!L393) | N392: =J392-G392 -> 8 | O392: =IF(M392="",$H392,M392) -> 45.72 | P392: =IF(ISERROR($H392-M392),0,ABS($H392-M392)) -> 0 | Q392: 1 | R392: =IF(K392="Y",1,0) -> 0 | S392: =IF(L392="Y",1,0) -> 0 | T392: =IF(DATASHEET!M393=0,"",DATASHEET!M393) -> 42157 | U392: =IF(DATASHEET!N393=0,"",DATASHEET!N393) | V392: =IF(DATASHEET!O393=0,"",DATASHEET!O393) | W392: =IF(DATASHEET!Q393=0,"",DATASHEET!Q393) -> 53.594 | X392: =T392-$G392 -> 61 | Y392: =W392 -> 53.594 | Z392: =IF(AND($H392-W392>0,U392="Y"),ABS($H392-W392),0) -> 0 | AA392: 1 | AB392: =IF(U392="Y",1,0) -> 0 | AC392: =IF(V392="Y",1,0) -> 0 | AD392: =IF(DATASHEET!R393=0,"",DATASHEET!R393) -> 42233 | AE392: =IF(DATASHEET!S393=0,"",DATASHEET!S393) | AF392: =IF(DATASHEET!T393=0,"",DATASHEET!T393) | AG392: =IF(DATASHEET!V393=0,"",DATASHEET!V393) -> 60 | AH392: =AD392-$G392 -> 137 | AI392: =AG392 -> 60 | AJ392: =IF(AND($W392-AG392>0,AE392="Y"),ABS($W392-AG392),0) -> 0 | AK392: 1 | AL392: =IF(AE392="Y",1,0) -> 0 | AM392: =IF(AF392="Y",1,0) -> 0 | AN392: =IF(DATASHEET!X393=0,"",DATASHEET!X393) | AO392: =IF(DATASHEET!Y393=0,"",DATASHEET!Y393) | AP392: =IF(DATASHEET!Z393=0,"",DATASHEET!Z393) | AQ392: =IF(DATASHEET!AA393=0,"",DATASHEET!AA393) | AR392: =IF(DATASHEET!AB393=0,"",DATASHEET!AB393) | AS392: =IF(DATASHEET!AC393=0,"",DATASHEET!AC393) | AT392: =IF(DATASHEET!AD393=0,"",DATASHEET!AD393) | AU392: =IF(DATASHEET!AE393=0,"",DATASHEET!AE393)
A393: =IF(DATASHEET!A394=0,"",DATASHEET!A394) -> 1000 SWITCHBACK | B393: =IF(DATASHEET!B394=0,"",DATASHEET!B394) -> E | C393: =IF(DATASHEET!C394=0,"",DATASHEET!C394) -> VEXAR | D393: =IF(C393="CO-PLANTING",CONCATENATE(C393," ",F393),C393) -> VEXAR | E393: =IF(DATASHEET!D394=0,"",DATASHEET!D394) -> 11 | F393: =IF(DATASHEET!E394=0,"",DATASHEET!E394) -> WRC | G393: =IF(DATASHEET!F394=0,"",DATASHEET!F394) -> 42096 | H393: =IF(DATASHEET!G394=0,"",DATASHEET!G394) -> 30.48 | I393: =IF(DATASHEET!H394=0,"",DATASHEET!H394) -> 3.302 | J393: =IF(DATASHEET!I394=0,"",DATASHEET!I394) -> 42104 | K393: =IF(DATASHEET!J394=0,"",DATASHEET!J394) | L393: =IF(DATASHEET!K394=0,"",DATASHEET!K394) | M393: =IF(DATASHEET!L394=0,"",DATASHEET!L394) | N393: =J393-G393 -> 8 | O393: =IF(M393="",$H393,M393) -> 30.48 | P393: =IF(ISERROR($H393-M393),0,ABS($H393-M393)) -> 0 | Q393: 1 | R393: =IF(K393="Y",1,0) -> 0 | S393: =IF(L393="Y",1,0) -> 0 | T393: =IF(DATASHEET!M394=0,"",DATASHEET!M394) -> 42157 | U393: =IF(DATASHEET!N394=0,"",DATASHEET!N394) | V393: =IF(DATASHEET!O394=0,"",DATASHEET!O394) | W393: =IF(DATASHEET!Q394=0,"",DATASHEET!Q394) -> 27.686 | X393: =T393-$G393 -> 61 | Y393: =W393 -> 27.686 | Z393: =IF(AND($H393-W393>0,U393="Y"),ABS($H393-W393),0) -> 0 | AA393: 1 | AB393: =IF(U393="Y",1,0) -> 0 | AC393: =IF(V393="Y",1,0) -> 0 | AD393: =IF(DATASHEET!R394=0,"",DATASHEET!R394) -> 42233 | AE393: =IF(DATASHEET!S394=0,"",DATASHEET!S394) | AF393: =IF(DATASHEET!T394=0,"",DATASHEET!T394) | AG393: =IF(DATASHEET!V394=0,"",DATASHEET!V394) -> 28 | AH393: =AD393-$G393 -> 137 | AI393: =AG393 -> 28 | AJ393: =IF(AND($W393-AG393>0,AE393="Y"),ABS($W393-AG393),0) -> 0 | AK393: 1 | AL393: =IF(AE393="Y",1,0) -> 0 | AM393: =IF(AF393="Y",1,0) -> 0 | AN393: =IF(DATASHEET!X394=0,"",DATASHEET!X394) | AO393: =IF(DATASHEET!Y394=0,"",DATASHEET!Y394) | AP393: =IF(DATASHEET!Z394=0,"",DATASHEET!Z394) | AQ393: =IF(DATASHEET!AA394=0,"",DATASHEET!AA394) | AR393: =IF(DATASHEET!AB394=0,"",DATASHEET!AB394) | AS393: =IF(DATASHEET!AC394=0,"",DATASHEET!AC394) | AT393: =IF(DATASHEET!AD394=0,"",DATASHEET!AD394) | AU393: =IF(DATASHEET!AE394=0,"",DATASHEET!AE394)
A394: =IF(DATASHEET!A395=0,"",DATASHEET!A395) -> 1000 SWITCHBACK | B394: =IF(DATASHEET!B395=0,"",DATASHEET!B395) -> E | C394: =IF(DATASHEET!C395=0,"",DATASHEET!C395) -> VEXAR | D394: =IF(C394="CO-PLANTING",CONCATENATE(C394," ",F394),C394) -> VEXAR | E394: =IF(DATASHEET!D395=0,"",DATASHEET!D395) -> 12 | F394: =IF(DATASHEET!E395=0,"",DATASHEET!E395) -> WRC | G394: =IF(DATASHEET!F395=0,"",DATASHEET!F395) -> 42096 | H394: =IF(DATASHEET!G395=0,"",DATASHEET!G395) -> 39.37 | I394: =IF(DATASHEET!H395=0,"",DATASHEET!H395) -> 4.064 | J394: =IF(DATASHEET!I395=0,"",DATASHEET!I395) -> 42104 | K394: =IF(DATASHEET!J395=0,"",DATASHEET!J395) | L394: =IF(DATASHEET!K395=0,"",DATASHEET!K395) | M394: =IF(DATASHEET!L395=0,"",DATASHEET!L395) | N394: =J394-G394 -> 8 | O394: =IF(M394="",$H394,M394) -> 39.37 | P394: =IF(ISERROR($H394-M394),0,ABS($H394-M394)) -> 0 | Q394: 1 | R394: =IF(K394="Y",1,0) -> 0 | S394: =IF(L394="Y",1,0) -> 0 | T394: =IF(DATASHEET!M395=0,"",DATASHEET!M395) -> 42157 | U394: =IF(DATASHEET!N395=0,"",DATASHEET!N395) | V394: =IF(DATASHEET!O395=0,"",DATASHEET!O395) | W394: =IF(DATASHEET!Q395=0,"",DATASHEET!Q395) -> 41.91 | X394: =T394-$G394 -> 61 | Y394: =W394 -> 41.91 | Z394: =IF(AND($H394-W394>0,U394="Y"),ABS($H394-W394),0) -> 0 | AA394: 1 | AB394: =IF(U394="Y",1,0) -> 0 | AC394: =IF(V394="Y",1,0) -> 0 | AD394: =IF(DATASHEET!R395=0,"",DATASHEET!R395) -> 42233 | AE394: =IF(DATASHEET!S395=0,"",DATASHEET!S395) | AF394: =IF(DATASHEET!T395=0,"",DATASHEET!T395) | AG394: =IF(DATASHEET!V395=0,"",DATASHEET!V395) -> 54 | AH394: =AD394-$G394 -> 137 | AI394: =AG394 -> 54 | AJ394: =IF(AND($W394-AG394>0,AE394="Y"),ABS($W394-AG394),0) -> 0 | AK394: 1 | AL394: =IF(AE394="Y",1,0) -> 0 | AM394: =IF(AF394="Y",1,0) -> 0 | AN394: =IF(DATASHEET!X395=0,"",DATASHEET!X395) | AO394: =IF(DATASHEET!Y395=0,"",DATASHEET!Y395) | AP394: =IF(DATASHEET!Z395=0,"",DATASHEET!Z395) | AQ394: =IF(DATASHEET!AA395=0,"",DATASHEET!AA395) | AR394: =IF(DATASHEET!AB395=0,"",DATASHEET!AB395) | AS394: =IF(DATASHEET!AC395=0,"",DATASHEET!AC395) | AT394: =IF(DATASHEET!AD395=0,"",DATASHEET!AD395) | AU394: =IF(DATASHEET!AE395=0,"",DATASHEET!AE395)
... A404: =IF(DATASHEET!A405=0,"",DATASHEET!A405) -> 1000 SWITCHBACK | B404: =IF(DATASHEET!B405=0,"",DATASHEET!B405) -> F | C404: =IF(DATASHEET!C405=0,"",DATASHEET!C405) -> FENCE CTRL | D404: =IF(C404="CO-PLANTING",CONCATENATE(C404," ",F404),C404) -> FENCE CTRL | E404: =IF(DATASHEET!D405=0,"",DATASHEET!D405) -> 2 | F404: =IF(DATASHEET!E405=0,"",DATASHEET!E405) -> WRC | G404: =IF(DATASHEET!F405=0,"",DATASHEET!F405) -> 42096 | H404: =IF(DATASHEET!G405=0,"",DATASHEET!G405) -> 44.45 | I404: =IF(DATASHEET!H405=0,"",DATASHEET!H405) -> 5.334 | J404: =IF(DATASHEET!I405=0,"",DATASHEET!I405) -> 42104 | K404: =IF(DATASHEET!J405=0,"",DATASHEET!J405) | L404: =IF(DATASHEET!K405=0,"",DATASHEET!K405) | M404: =IF(DATASHEET!L405=0,"",DATASHEET!L405) | N404: =J404-G404 -> 8 | O404: =IF(M404="",$H404,M404) -> 44.45 | P404: =IF(ISERROR($H404-M404),0,ABS($H404-M404)) -> 0 | Q404: 1 | R404: =IF(K404="Y",1,0) -> 0 | S404: =IF(L404="Y",1,0) -> 0 | T404: =IF(DATASHEET!M405=0,"",DATASHEET!M405) -> 42157 | U404: =IF(DATASHEET!N405=0,"",DATASHEET!N405) | V404: =IF(DATASHEET!O405=0,"",DATASHEET!O405) | W404: =IF(DATASHEET!Q405=0,"",DATASHEET!Q405) -> 55.626 | X404: =T404-$G404 -> 61 | Y404: =W404 -> 55.626 | Z404: =IF(AND($H404-W404>0,U404="Y"),ABS($H404-W404),0) -> 0 | AA404: 1 | AB404: =IF(U404="Y",1,0) -> 0 | AC404: =IF(V404="Y",1,0) -> 0 | AD404: =IF(DATASHEET!R405=0,"",DATASHEET!R405) -> 42233 | AE404: =IF(DATASHEET!S405=0,"",DATASHEET!S405) | AF404: =IF(DATASHEET!T405=0,"",DATASHEET!T405) | AG404: =IF(DATASHEET!V405=0,"",DATASHEET!V405) -> 59 | AH404: =AD404-$G404 -> 137 | AI404: =AG404 -> 59 | AJ404: =IF(AND($W404-AG404>0,AE404="Y"),ABS($W404-AG404),0) -> 0 | AK404: 1 | AL404: =IF(AE404="Y",1,0) -> 0 | AM404: =IF(AF404="Y",1,0) -> 0 | AN404: =IF(DATASHEET!X405=0,"",DATASHEET!X405) | AO404: =IF(DATASHEET!Y405=0,"",DATASHEET!Y405) | AP404: =IF(DATASHEET!Z405=0,"",DATASHEET!Z405) | AQ404: =IF(DATASHEET!AA405=0,"",DATASHEET!AA405) | AR404: =IF(DATASHEET!AB405=0,"",DATASHEET!AB405) | AS404: =IF(DATASHEET!AC405=0,"",DATASHEET!AC405) | AT404: =IF(DATASHEET!AD405=0,"",DATASHEET!AD405) | AU404: =IF(DATASHEET!AE405=0,"",DATASHEET!AE405)
A405: =IF(DATASHEET!A406=0,"",DATASHEET!A406) -> 1000 SWITCHBACK | B405: =IF(DATASHEET!B406=0,"",DATASHEET!B406) -> F | C405: =IF(DATASHEET!C406=0,"",DATASHEET!C406) -> FENCE CTRL | D405: =IF(C405="CO-PLANTING",CONCATENATE(C405," ",F405),C405) -> FENCE CTRL | E405: =IF(DATASHEET!D406=0,"",DATASHEET!D406) -> 3 | F405: =IF(DATASHEET!E406=0,"",DATASHEET!E406) -> WRC | G405: =IF(DATASHEET!F406=0,"",DATASHEET!F406) -> 42096 | H405: =IF(DATASHEET!G406=0,"",DATASHEET!G406) -> 28.702 | I405: =IF(DATASHEET!H406=0,"",DATASHEET!H406) -> 3.048 | J405: =IF(DATASHEET!I406=0,"",DATASHEET!I406) -> 42104 | K405: =IF(DATASHEET!J406=0,"",DATASHEET!J406) | L405: =IF(DATASHEET!K406=0,"",DATASHEET!K406) | M405: =IF(DATASHEET!L406=0,"",DATASHEET!L406) | N405: =J405-G405 -> 8 | O405: =IF(M405="",$H405,M405) -> 28.702 | P405: =IF(ISERROR($H405-M405),0,ABS($H405-M405)) -> 0 | Q405: 1 | R405: =IF(K405="Y",1,0) -> 0 | S405: =IF(L405="Y",1,0) -> 0 | T405: =IF(DATASHEET!M406=0,"",DATASHEET!M406) -> 42157 | U405: =IF(DATASHEET!N406=0,"",DATASHEET!N406) | V405: =IF(DATASHEET!O406=0,"",DATASHEET!O406) | W405: =IF(DATASHEET!Q406=0,"",DATASHEET!Q406) -> 35.306 | X405: =T405-$G405 -> 61 | Y405: =W405 -> 35.306 | Z405: =IF(AND($H405-W405>0,U405="Y"),ABS($H405-W405),0) -> 0 | AA405: 1 | AB405: =IF(U405="Y",1,0) -> 0 | AC405: =IF(V405="Y",1,0) -> 0 | AD405: =IF(DATASHEET!R406=0,"",DATASHEET!R406) -> 42233 | AE405: =IF(DATASHEET!S406=0,"",DATASHEET!S406) | AF405: =IF(DATASHEET!T406=0,"",DATASHEET!T406) -> Y | AG405: =IF(DATASHEET!V406=0,"",DATASHEET!V406) | AH405: =AD405-$G405 -> 137 | AI405: =AG405 | AK405: 1 | AL405: =IF(AE405="Y",1,0) -> 0 | AM405: =IF(AF405="Y",1,0) -> 1 | AN405: =IF(DATASHEET!X406=0,"",DATASHEET!X406) | AO405: =IF(DATASHEET!Y406=0,"",DATASHEET!Y406) | AP405: =IF(DATASHEET!Z406=0,"",DATASHEET!Z406) | AQ405: =IF(DATASHEET!AA406=0,"",DATASHEET!AA406) | AR405: =IF(DATASHEET!AB406=0,"",DATASHEET!AB406) | AS405: =IF(DATASHEET!AC406=0,"",DATASHEET!AC406) | AT405: =IF(DATASHEET!AD406=0,"",DATASHEET!AD406) | AU405: =IF(DATASHEET!AE406=0,"",DATASHEET!AE406)
A406: =IF(DATASHEET!A407=0,"",DATASHEET!A407) -> 1000 SWITCHBACK | B406: =IF(DATASHEET!B407=0,"",DATASHEET!B407) -> F | C406: =IF(DATASHEET!C407=0,"",DATASHEET!C407) -> FENCE CTRL | D406: =IF(C406="CO-PLANTING",CONCATENATE(C406," ",F406),C406) -> FENCE CTRL | E406: =IF(DATASHEET!D407=0,"",DATASHEET!D407) -> 4 | F406: =IF(DATASHEET!E407=0,"",DATASHEET!E407) -> WRC | G406: =IF(DATASHEET!F407=0,"",DATASHEET!F407) -> 42096 | H406: =IF(DATASHEET!G407=0,"",DATASHEET!G407) -> 41.656 | I406: =IF(DATASHEET!H407=0,"",DATASHEET!H407) -> 3.81 | J406: =IF(DATASHEET!I407=0,"",DATASHEET!I407) -> 42104 | K406: =IF(DATASHEET!J407=0,"",DATASHEET!J407) | L406: =IF(DATASHEET!K407=0,"",DATASHEET!K407) | M406: =IF(DATASHEET!L407=0,"",DATASHEET!L407) | N406: =J406-G406 -> 8 | O406: =IF(M406="",$H406,M406) -> 41.656 | P406: =IF(ISERROR($H406-M406),0,ABS($H406-M406)) -> 0 | Q406: 1 | R406: =IF(K406="Y",1,0) -> 0 | S406: =IF(L406="Y",1,0) -> 0 | T406: =IF(DATASHEET!M407=0,"",DATASHEET!M407) -> 42157 | U406: =IF(DATASHEET!N407=0,"",DATASHEET!N407) | V406: =IF(DATASHEET!O407=0,"",DATASHEET!O407) | W406: =IF(DATASHEET!Q407=0,"",DATASHEET!Q407) -> 46.99 | X406: =T406-$G406 -> 61 | Y406: =W406 -> 46.99 | Z406: =IF(AND($H406-W406>0,U406="Y"),ABS($H406-W406),0) -> 0 | AA406: 1 | AB406: =IF(U406="Y",1,0) -> 0 | AC406: =IF(V406="Y",1,0) -> 0 | AD406: =IF(DATASHEET!R407=0,"",DATASHEET!R407) -> 42233 | AE406: =IF(DATASHEET!S407=0,"",DATASHEET!S407) | AF406: =IF(DATASHEET!T407=0,"",DATASHEET!T407) | AG406: =IF(DATASHEET!V407=0,"",DATASHEET!V407) -> 44 | AH406: =AD406-$G406 -> 137 | AI406: =AG406 -> 44 | AJ406: =IF(AND($W406-AG406>0,AE406="Y"),ABS($W406-AG406),0) -> 0 | AK406: 1 | AL406: =IF(AE406="Y",1,0) -> 0 | AM406: =IF(AF406="Y",1,0) -> 0 | AN406: =IF(DATASHEET!X407=0,"",DATASHEET!X407) | AO406: =IF(DATASHEET!Y407=0,"",DATASHEET!Y407) | AP406: =IF(DATASHEET!Z407=0,"",DATASHEET!Z407) | AQ406: =IF(DATASHEET!AA407=0,"",DATASHEET!AA407) | AR406: =IF(DATASHEET!AB407=0,"",DATASHEET!AB407) | AS406: =IF(DATASHEET!AC407=0,"",DATASHEET!AC407) | AT406: =IF(DATASHEET!AD407=0,"",DATASHEET!AD407) | AU406: =IF(DATASHEET!AE407=0,"",DATASHEET!AE407)
A407: =IF(DATASHEET!A408=0,"",DATASHEET!A408) -> 1000 SWITCHBACK | B407: =IF(DATASHEET!B408=0,"",DATASHEET!B408) -> F | C407: =IF(DATASHEET!C408=0,"",DATASHEET!C408) -> FENCE CTRL | D407: =IF(C407="CO-PLANTING",CONCATENATE(C407," ",F407),C407) -> FENCE CTRL | E407: =IF(DATASHEET!D408=0,"",DATASHEET!D408) -> 5 | F407: =IF(DATASHEET!E408=0,"",DATASHEET!E408) -> WRC | G407: =IF(DATASHEET!F408=0,"",DATASHEET!F408) -> 42096 | H407: =IF(DATASHEET!G408=0,"",DATASHEET!G408) -> 35.052 | I407: =IF(DATASHEET!H408=0,"",DATASHEET!H408) -> 3.556 | J407: =IF(DATASHEET!I408=0,"",DATASHEET!I408) -> 42104 | K407: =IF(DATASHEET!J408=0,"",DATASHEET!J408) | L407: =IF(DATASHEET!K408=0,"",DATASHEET!K408) | M407: =IF(DATASHEET!L408=0,"",DATASHEET!L408) | N407: =J407-G407 -> 8 | O407: =IF(M407="",$H407,M407) -> 35.052 | P407: =IF(ISERROR($H407-M407),0,ABS($H407-M407)) -> 0 | Q407: 1 | R407: =IF(K407="Y",1,0) -> 0 | S407: =IF(L407="Y",1,0) -> 0 | T407: =IF(DATASHEET!M408=0,"",DATASHEET!M408) -> 42157 | U407: =IF(DATASHEET!N408=0,"",DATASHEET!N408) | V407: =IF(DATASHEET!O408=0,"",DATASHEET!O408) | W407: =IF(DATASHEET!Q408=0,"",DATASHEET!Q408) -> 42.672 | X407: =T407-$G407 -> 61 | Y407: =W407 -> 42.672 | Z407: =IF(AND($H407-W407>0,U407="Y"),ABS($H407-W407),0) -> 0 | AA407: 1 | AB407: =IF(U407="Y",1,0) -> 0 | AC407: =IF(V407="Y",1,0) -> 0 | AD407: =IF(DATASHEET!R408=0,"",DATASHEET!R408) -> 42233 | AE407: =IF(DATASHEET!S408=0,"",DATASHEET!S408) | AF407: =IF(DATASHEET!T408=0,"",DATASHEET!T408) | AG407: =IF(DATASHEET!V408=0,"",DATASHEET!V408) -> 47 | AH407: =AD407-$G407 -> 137 | AI407: =AG407 -> 47 | AJ407: =IF(AND($W407-AG407>0,AE407="Y"),ABS($W407-AG407),0) -> 0 | AK407: 1 | AL407: =IF(AE407="Y",1,0) -> 0 | AM407: =IF(AF407="Y",1,0) -> 0 | AN407: =IF(DATASHEET!X408=0,"",DATASHEET!X408) | AO407: =IF(DATASHEET!Y408=0,"",DATASHEET!Y408) | AP407: =IF(DATASHEET!Z408=0,"",DATASHEET!Z408) | AQ407: =IF(DATASHEET!AA408=0,"",DATASHEET!AA408) | AR407: =IF(DATASHEET!AB408=0,"",DATASHEET!AB408) | AS407: =IF(DATASHEET!AC408=0,"",DATASHEET!AC408) | AT407: =IF(DATASHEET!AD408=0,"",DATASHEET!AD408) | AU407: =IF(DATASHEET!AE408=0,"",DATASHEET!AE408)
A408: =IF(DATASHEET!A409=0,"",DATASHEET!A409) -> 1000 SWITCHBACK | B408: =IF(DATASHEET!B409=0,"",DATASHEET!B409) -> F | C408: =IF(DATASHEET!C409=0,"",DATASHEET!C409) -> FENCE CTRL | D408: =IF(C408="CO-PLANTING",CONCATENATE(C408," ",F408),C408) -> FENCE CTRL | E408: =IF(DATASHEET!D409=0,"",DATASHEET!D409) -> 6 | F408: =IF(DATASHEET!E409=0,"",DATASHEET!E409) -> WRC | G408: =IF(DATASHEET!F409=0,"",DATASHEET!F409) -> 42096 | H408: =IF(DATASHEET!G409=0,"",DATASHEET!G409) -> 21.59 | I408: =IF(DATASHEET!H409=0,"",DATASHEET!H409) -> 2.54 | J408: =IF(DATASHEET!I409=0,"",DATASHEET!I409) -> 42104 | K408: =IF(DATASHEET!J409=0,"",DATASHEET!J409) | L408: =IF(DATASHEET!K409=0,"",DATASHEET!K409) | M408: =IF(DATASHEET!L409=0,"",DATASHEET!L409) | N408: =J408-G408 -> 8 | O408: =IF(M408="",$H408,M408) -> 21.59 | P408: =IF(ISERROR($H408-M408),0,ABS($H408-M408)) -> 0 | Q408: 1 | R408: =IF(K408="Y",1,0) -> 0 | S408: =IF(L408="Y",1,0) -> 0 | T408: =IF(DATASHEET!M409=0,"",DATASHEET!M409) -> 42157 | U408: =IF(DATASHEET!N409=0,"",DATASHEET!N409) | V408: =IF(DATASHEET!O409=0,"",DATASHEET!O409) | W408: =IF(DATASHEET!Q409=0,"",DATASHEET!Q409) -> 25.146 | X408: =T408-$G408 -> 61 | Y408: =W408 -> 25.146 | Z408: =IF(AND($H408-W408>0,U408="Y"),ABS($H408-W408),0) -> 0 | AA408: 1 | AB408: =IF(U408="Y",1,0) -> 0 | AC408: =IF(V408="Y",1,0) -> 0 | AD408: =IF(DATASHEET!R409=0,"",DATASHEET!R409) -> 42233 | AE408: =IF(DATASHEET!S409=0,"",DATASHEET!S409) | AF408: =IF(DATASHEET!T409=0,"",DATASHEET!T409) | AG408: =IF(DATASHEET!V409=0,"",DATASHEET!V409) -> 46 | AH408: =AD408-$G408 -> 137 | AI408: =AG408 -> 46 | AJ408: =IF(AND($W408-AG408>0,AE408="Y"),ABS($W408-AG408),0) -> 0 | AK408: 1 | AL408: =IF(AE408="Y",1,0) -> 0 | AM408: =IF(AF408="Y",1,0) -> 0 | AN408: =IF(DATASHEET!X409=0,"",DATASHEET!X409) | AO408: =IF(DATASHEET!Y409=0,"",DATASHEET!Y409) | AP408: =IF(DATASHEET!Z409=0,"",DATASHEET!Z409) | AQ408: =IF(DATASHEET!AA409=0,"",DATASHEET!AA409) | AR408: =IF(DATASHEET!AB409=0,"",DATASHEET!AB409) | AS408: =IF(DATASHEET!AC409=0,"",DATASHEET!AC409) | AT408: =IF(DATASHEET!AD409=0,"",DATASHEET!AD409) | AU408: =IF(DATASHEET!AE409=0,"",DATASHEET!AE409)
A409: =IF(DATASHEET!A410=0,"",DATASHEET!A410) -> 1000 SWITCHBACK | B409: =IF(DATASHEET!B410=0,"",DATASHEET!B410) -> F | C409: =IF(DATASHEET!C410=0,"",DATASHEET!C410) -> FENCE CTRL | D409: =IF(C409="CO-PLANTING",CONCATENATE(C409," ",F409),C409) -> FENCE CTRL | E409: =IF(DATASHEET!D410=0,"",DATASHEET!D410) -> 7 | F409: =IF(DATASHEET!E410=0,"",DATASHEET!E410) -> WRC | G409: =IF(DATASHEET!F410=0,"",DATASHEET!F410) -> 42096 | H409: =IF(DATASHEET!G410=0,"",DATASHEET!G410) -> 27.94 | I409: =IF(DATASHEET!H410=0,"",DATASHEET!H410) -> 2.794 | J409: =IF(DATASHEET!I410=0,"",DATASHEET!I410) -> 42104 | K409: =IF(DATASHEET!J410=0,"",DATASHEET!J410) | L409: =IF(DATASHEET!K410=0,"",DATASHEET!K410) | M409: =IF(DATASHEET!L410=0,"",DATASHEET!L410) | N409: =J409-G409 -> 8 | O409: =IF(M409="",$H409,M409) -> 27.94 | P409: =IF(ISERROR($H409-M409),0,ABS($H409-M409)) -> 0 | Q409: 1 | R409: =IF(K409="Y",1,0) -> 0 | S409: =IF(L409="Y",1,0) -> 0 | T409: =IF(DATASHEET!M410=0,"",DATASHEET!M410) -> 42157 | U409: =IF(DATASHEET!N410=0,"",DATASHEET!N410) | V409: =IF(DATASHEET!O410=0,"",DATASHEET!O410) | W409: =IF(DATASHEET!Q410=0,"",DATASHEET!Q410) -> 33.528 | X409: =T409-$G409 -> 61 | Y409: =W409 -> 33.528 | Z409: =IF(AND($H409-W409>0,U409="Y"),ABS($H409-W409),0) -> 0 | AA409: 1 | AB409: =IF(U409="Y",1,0) -> 0 | AC409: =IF(V409="Y",1,0) -> 0 | AD409: =IF(DATASHEET!R410=0,"",DATASHEET!R410) -> 42233 | AE409: =IF(DATASHEET!S410=0,"",DATASHEET!S410) | AF409: =IF(DATASHEET!T410=0,"",DATASHEET!T410) | AG409: =IF(DATASHEET!V410=0,"",DATASHEET!V410) -> 34 | AH409: =AD409-$G409 -> 137 | AI409: =AG409 -> 34 | AJ409: =IF(AND($W409-AG409>0,AE409="Y"),ABS($W409-AG409),0) -> 0 | AK409: 1 | AL409: =IF(AE409="Y",1,0) -> 0 | AM409: =IF(AF409="Y",1,0) -> 0 | AN409: =IF(DATASHEET!X410=0,"",DATASHEET!X410) | AO409: =IF(DATASHEET!Y410=0,"",DATASHEET!Y410) | AP409: =IF(DATASHEET!Z410=0,"",DATASHEET!Z410) | AQ409: =IF(DATASHEET!AA410=0,"",DATASHEET!AA410) | AR409: =IF(DATASHEET!AB410=0,"",DATASHEET!AB410) | AS409: =IF(DATASHEET!AC410=0,"",DATASHEET!AC410) | AT409: =IF(DATASHEET!AD410=0,"",DATASHEET!AD410) | AU409: =IF(DATASHEET!AE410=0,"",DATASHEET!AE410)
A410: =IF(DATASHEET!A411=0,"",DATASHEET!A411) -> 1000 SWITCHBACK | B410: =IF(DATASHEET!B411=0,"",DATASHEET!B411) -> F | C410: =IF(DATASHEET!C411=0,"",DATASHEET!C411) -> FENCE CTRL | D410: =IF(C410="CO-PLANTING",CONCATENATE(C410," ",F410),C410) -> FENCE CTRL | E410: =IF(DATASHEET!D411=0,"",DATASHEET!D411) -> 8 | F410: =IF(DATASHEET!E411=0,"",DATASHEET!E411) -> WRC | G410: =IF(DATASHEET!F411=0,"",DATASHEET!F411) -> 42096 | H410: =IF(DATASHEET!G411=0,"",DATASHEET!G411) -> 48.26 | I410: =IF(DATASHEET!H411=0,"",DATASHEET!H411) -> 6.35 | J410: =IF(DATASHEET!I411=0,"",DATASHEET!I411) -> 42104 | K410: =IF(DATASHEET!J411=0,"",DATASHEET!J411) | L410: =IF(DATASHEET!K411=0,"",DATASHEET!K411) | M410: =IF(DATASHEET!L411=0,"",DATASHEET!L411) | N410: =J410-G410 -> 8 | O410: =IF(M410="",$H410,M410) -> 48.26 | P410: =IF(ISERROR($H410-M410),0,ABS($H410-M410)) -> 0 | Q410: 1 | R410: =IF(K410="Y",1,0) -> 0 | S410: =IF(L410="Y",1,0) -> 0 | T410: =IF(DATASHEET!M411=0,"",DATASHEET!M411) -> 42157 | U410: =IF(DATASHEET!N411=0,"",DATASHEET!N411) | V410: =IF(DATASHEET!O411=0,"",DATASHEET!O411) | W410: =IF(DATASHEET!Q411=0,"",DATASHEET!Q411) -> 52.07 | X410: =T410-$G410 -> 61 | Y410: =W410 -> 52.07 | Z410: =IF(AND($H410-W410>0,U410="Y"),ABS($H410-W410),0) -> 0 | AA410: 1 | AB410: =IF(U410="Y",1,0) -> 0 | AC410: =IF(V410="Y",1,0) -> 0 | AD410: =IF(DATASHEET!R411=0,"",DATASHEET!R411) -> 42233 | AE410: =IF(DATASHEET!S411=0,"",DATASHEET!S411) | AF410: =IF(DATASHEET!T411=0,"",DATASHEET!T411) | AG410: =IF(DATASHEET!V411=0,"",DATASHEET!V411) -> 52 | AH410: =AD410-$G410 -> 137 | AI410: =AG410 -> 52 | AJ410: =IF(AND($W410-AG410>0,AE410="Y"),ABS($W410-AG410),0) -> 0 | AK410: 1 | AL410: =IF(AE410="Y",1,0) -> 0 | AM410: =IF(AF410="Y",1,0) -> 0 | AN410: =IF(DATASHEET!X411=0,"",DATASHEET!X411) | AO410: =IF(DATASHEET!Y411=0,"",DATASHEET!Y411) | AP410: =IF(DATASHEET!Z411=0,"",DATASHEET!Z411) | AQ410: =IF(DATASHEET!AA411=0,"",DATASHEET!AA411) | AR410: =IF(DATASHEET!AB411=0,"",DATASHEET!AB411) | AS410: =IF(DATASHEET!AC411=0,"",DATASHEET!AC411) | AT410: =IF(DATASHEET!AD411=0,"",DATASHEET!AD411) | AU410: =IF(DATASHEET!AE411=0,"",DATASHEET!AE411)
A411: =IF(DATASHEET!A412=0,"",DATASHEET!A412) -> 1000 SWITCHBACK | B411: =IF(DATASHEET!B412=0,"",DATASHEET!B412) -> F | C411: =IF(DATASHEET!C412=0,"",DATASHEET!C412) -> FENCE CTRL | D411: =IF(C411="CO-PLANTING",CONCATENATE(C411," ",F411),C411) -> FENCE CTRL | E411: =IF(DATASHEET!D412=0,"",DATASHEET!D412) -> 9 | F411: =IF(DATASHEET!E412=0,"",DATASHEET!E412) -> WRC | G411: =IF(DATASHEET!F412=0,"",DATASHEET!F412) -> 42096 | H411: =IF(DATASHEET!G412=0,"",DATASHEET!G412) -> 21.336 | I411: =IF(DATASHEET!H412=0,"",DATASHEET!H412) -> 2.794 | J411: =IF(DATASHEET!I412=0,"",DATASHEET!I412) -> 42104 | K411: =IF(DATASHEET!J412=0,"",DATASHEET!J412) | L411: =IF(DATASHEET!K412=0,"",DATASHEET!K412) | M411: =IF(DATASHEET!L412=0,"",DATASHEET!L412) | N411: =J411-G411 -> 8 | O411: =IF(M411="",$H411,M411) -> 21.336 | P411: =IF(ISERROR($H411-M411),0,ABS($H411-M411)) -> 0 | Q411: 1 | R411: =IF(K411="Y",1,0) -> 0 | S411: =IF(L411="Y",1,0) -> 0 | T411: =IF(DATASHEET!M412=0,"",DATASHEET!M412) -> 42157 | U411: =IF(DATASHEET!N412=0,"",DATASHEET!N412) | V411: =IF(DATASHEET!O412=0,"",DATASHEET!O412) | W411: =IF(DATASHEET!Q412=0,"",DATASHEET!Q412) -> 24.384 | X411: =T411-$G411 -> 61 | Y411: =W411 -> 24.384 | Z411: =IF(AND($H411-W411>0,U411="Y"),ABS($H411-W411),0) -> 0 | AA411: 1 | AB411: =IF(U411="Y",1,0) -> 0 | AC411: =IF(V411="Y",1,0) -> 0 | AD411: =IF(DATASHEET!R412=0,"",DATASHEET!R412) -> 42233 | AE411: =IF(DATASHEET!S412=0,"",DATASHEET!S412) | AF411: =IF(DATASHEET!T412=0,"",DATASHEET!T412) | AG411: =IF(DATASHEET!V412=0,"",DATASHEET!V412) -> 72 | AH411: =AD411-$G411 -> 137 | AI411: =AG411 -> 72 | AJ411: =IF(AND($W411-AG411>0,AE411="Y"),ABS($W411-AG411),0) -> 0 | AK411: 1 | AL411: =IF(AE411="Y",1,0) -> 0 | AM411: =IF(AF411="Y",1,0) -> 0 | AN411: =IF(DATASHEET!X412=0,"",DATASHEET!X412) | AO411: =IF(DATASHEET!Y412=0,"",DATASHEET!Y412) | AP411: =IF(DATASHEET!Z412=0,"",DATASHEET!Z412) | AQ411: =IF(DATASHEET!AA412=0,"",DATASHEET!AA412) | AR411: =IF(DATASHEET!AB412=0,"",DATASHEET!AB412) | AS411: =IF(DATASHEET!AC412=0,"",DATASHEET!AC412) | AT411: =IF(DATASHEET!AD412=0,"",DATASHEET!AD412) | AU411: =IF(DATASHEET!AE412=0,"",DATASHEET!AE412)
A412: =IF(DATASHEET!A413=0,"",DATASHEET!A413) -> 1000 SWITCHBACK | B412: =IF(DATASHEET!B413=0,"",DATASHEET!B413) -> F | C412: =IF(DATASHEET!C413=0,"",DATASHEET!C413) -> FENCE CTRL | D412: =IF(C412="CO-PLANTING",CONCATENATE(C412," ",F412),C412) -> FENCE CTRL | E412: =IF(DATASHEET!D413=0,"",DATASHEET!D413) -> 10 | F412: =IF(DATASHEET!E413=0,"",DATASHEET!E413) -> WRC | G412: =IF(DATASHEET!F413=0,"",DATASHEET!F413) -> 42096 | H412: =IF(DATASHEET!G413=0,"",DATASHEET!G413) -> 27.94 | I412: =IF(DATASHEET!H413=0,"",DATASHEET!H413) -> 3.556 | J412: =IF(DATASHEET!I413=0,"",DATASHEET!I413) -> 42104 | K412: =IF(DATASHEET!J413=0,"",DATASHEET!J413) | L412: =IF(DATASHEET!K413=0,"",DATASHEET!K413) | M412: =IF(DATASHEET!L413=0,"",DATASHEET!L413) | N412: =J412-G412 -> 8 | O412: =IF(M412="",$H412,M412) -> 27.94 | P412: =IF(ISERROR($H412-M412),0,ABS($H412-M412)) -> 0 | Q412: 1 | R412: =IF(K412="Y",1,0) -> 0 | S412: =IF(L412="Y",1,0) -> 0 | T412: =IF(DATASHEET!M413=0,"",DATASHEET!M413) -> 42157 | U412: =IF(DATASHEET!N413=0,"",DATASHEET!N413) | V412: =IF(DATASHEET!O413=0,"",DATASHEET!O413) | W412: =IF(DATASHEET!Q413=0,"",DATASHEET!Q413) -> 30.226 | X412: =T412-$G412 -> 61 | Y412: =W412 -> 30.226 | Z412: =IF(AND($H412-W412>0,U412="Y"),ABS($H412-W412),0) -> 0 | AA412: 1 | AB412: =IF(U412="Y",1,0) -> 0 | AC412: =IF(V412="Y",1,0) -> 0 | AD412: =IF(DATASHEET!R413=0,"",DATASHEET!R413) -> 42233 | AE412: =IF(DATASHEET!S413=0,"",DATASHEET!S413) | AF412: =IF(DATASHEET!T413=0,"",DATASHEET!T413) | AG412: =IF(DATASHEET!V413=0,"",DATASHEET!V413) -> 33 | AH412: =AD412-$G412 -> 137 | AI412: =AG412 -> 33 | AJ412: =IF(AND($W412-AG412>0,AE412="Y"),ABS($W412-AG412),0) -> 0 | AK412: 1 | AL412: =IF(AE412="Y",1,0) -> 0 | AM412: =IF(AF412="Y",1,0) -> 0 | AN412: =IF(DATASHEET!X413=0,"",DATASHEET!X413) | AO412: =IF(DATASHEET!Y413=0,"",DATASHEET!Y413) | AP412: =IF(DATASHEET!Z413=0,"",DATASHEET!Z413) | AQ412: =IF(DATASHEET!AA413=0,"",DATASHEET!AA413) | AR412: =IF(DATASHEET!AB413=0,"",DATASHEET!AB413) | AS412: =IF(DATASHEET!AC413=0,"",DATASHEET!AC413) | AT412: =IF(DATASHEET!AD413=0,"",DATASHEET!AD413) | AU412: =IF(DATASHEET!AE413=0,"",DATASHEET!AE413)
